,Name,Latest JPAR,Total Events,Latest Event Date,Latest Event
1,alice rowe,0.5096016166409795,9.0,2024-09-21,WJPC 2024 Final
2,kelly walter,0.51945835753953,8.0,2024-11-02,#259 2024 AZ Championship
3,hannah doyle,0.5432041897774932,4.0,2024-11-16,#265 2024 CA Championship
4,lauren kautz,0.5480678119978861,9.0,2025-01-26,Saint Paul Winter Carnival Solo
5,michaela keener,0.5502623114181368,3.0,2026-01-01,Unknown Latest Event
6,caryn knill,0.5526358542564671,13.0,2025-02-08,Speed Puzzling # 292
7,tiffany medeiros,0.5597567850528384,11.0,2024-09-21,WJPC 2024 Final
8,mari black,0.5650623987764098,18.0,2025-01-04,Speed Puzzling # 278
9,grayson shannon,0.5656906933440328,7.0,2024-08-10,#223 2024 NE Regional Championship
10,jeanne roiter,0.5669188441418032,11.0,2024-09-21,WJPC 2024 Final
11,conner delaat,0.5739793638677944,3.0,2025-02-08,Speed Puzzling # 292
12,becca taylor,0.5953379581184308,13.0,2025-02-08,Speed Puzzling # 292
13,hanna sigler,0.5972459548118332,8.0,2025-01-26,Saint Paul Winter Carnival Solo
14,andrea peng,0.6005784104644392,11.0,2024-11-16,#265 2024 CA Championship
15,emma pan,0.6049698263784931,15.0,2025-02-08,Speed Puzzling # 292
16,iryna shvydchenko,0.6144862619280658,13.0,2025-01-04,Speed Puzzling # 278
17,kyle kossin,0.6148829937491684,14.0,2024-11-16,#265 2024 CA Championship
18,shea burkett,0.6159799644902464,2.0,2025-02-01,TX2025 - Texas Speed Puzzling Championship
19,emma williamson,0.6177174214749279,6.0,2024-08-10,#223 2024 NE Regional Championship
20,cathy roiter,0.6189449638900989,11.0,2024-09-21,WJPC 2024 Final
21,abby patnoe,0.6205774902027295,4.0,2024-03-24,Jigsaw Nationals 2024 Finals
22,colleen dunne,0.6268663425216097,6.0,2024-10-12,#248 2024 MN Championship
23,andrea kyle,0.6351566910758655,10.0,2025-01-26,Saint Paul Winter Carnival Solo
24,karen kavett,0.6405986745753678,8.0,2025-01-26,Saint Paul Winter Carnival Solo
25,dawne rasmusson,0.6423270428321161,12.0,2025-01-26,Saint Paul Winter Carnival Solo
26,simmie berman,0.6434080681198602,8.0,2024-05-04,#195 2024 DC Championship
27,sarah schuler,0.6437729335240481,6.0,2024-10-12,#248 2024 MN Championship
28,jessa douglas,0.6450762794277851,9.0,2024-09-14,#239 Sanctioned Virtual
29,katherine dilks,0.6459692972255848,11.0,2025-02-08,Speed Puzzling # 292
30,minyee deng,0.6462887294743609,15.0,2025-01-26,Saint Paul Winter Carnival Solo
31,kaitlin mackenzie,0.656195191319266,9.0,2025-01-04,Speed Puzzling # 278
32,nancy siner,0.6591125131775646,3.0,2024-11-02,#259 2024 AZ Championship
33,richard puro,0.6595681310498882,1.0,2024-04-20,#190 2024 CO Championship
34,jennifer sipple,0.6598397310326156,13.0,2025-02-08,Speed Puzzling # 292
35,jasper lee,0.660268069987872,15.0,2025-02-08,Speed Puzzling # 292
36,taylor klinefelter,0.6668694824632102,4.0,2024-05-04,#195 2024 DC Championship
37,kylie ledingham,0.6668941637975384,5.0,2024-10-18,#252 2024 IN Championship
38,mathew nettlow,0.6671754225998386,3.0,2026-01-01,Unknown Latest Event
39,yvonne feucht,0.6675116983529052,8.0,2024-11-16,#265 2024 CA Championship
40,sarah rowe,0.6721011309528215,10.0,2024-09-21,WJPC 2024 Final
41,christina harwell,0.6755021293559702,10.0,2025-02-08,Speed Puzzling # 292
42,emily chandran,0.6764573822522264,10.0,2024-09-21,WJPC 2024 Final
43,linnea shieh,0.6766679643346717,3.0,2024-11-16,#265 2024 CA Championship
44,nathan biberdorf,0.6771694726466166,5.0,2025-01-26,Saint Paul Winter Carnival Solo
45,kim knaub,0.6787539886885305,4.0,2026-01-01,Unknown Latest Event
46,allie arendell,0.6827163400772053,10.0,2025-02-08,Speed Puzzling # 292
47,kelly buhr,0.6864920092566209,12.0,2024-11-16,#265 2024 CA Championship
48,trisha siedlecki,0.6870715996577321,5.0,2024-11-16,#265 2024 CA Championship
49,kelsi cook,0.6878946897717686,11.0,2025-02-01,TX2025 - Texas Speed Puzzling Championship
50,beatrice endler,0.690939075895376,16.0,2025-02-08,Speed Puzzling # 292
51,rose barrett,0.6921780564176983,2.0,2026-01-01,Unknown Latest Event
52,maud dias,0.6969971422997333,12.0,2024-10-19,#256 Sanctioned Virtual
53,jasmine lambert,0.6973612104310879,8.0,2026-01-01,Unknown Latest Event
54,andrea heistand,0.6975336029603288,13.0,2025-02-08,Speed Puzzling # 292
55,amber whitmill,0.6976772794872512,2.0,2026-01-01,Unknown Latest Event
56,sammy bosshardt,0.6979283948815751,3.0,2024-09-07,#234 2024 UT Championship
57,jessica streitz,0.7016070644111115,10.0,2025-02-08,Speed Puzzling # 292
58,sarah oman,0.703713685259167,4.0,2024-03-24,Jigsaw Nationals 2024 Finals
59,kaitlyn mccluskie,0.7054392337018112,4.0,2025-01-26,Saint Paul Winter Carnival Solo
60,kate yee,0.7067382744729386,4.0,2025-01-10,IL2025 - Illinois Speed Puzzling Championship
61,sammy brownlow,0.707589498427267,24.0,2025-02-08,Speed Puzzling # 292
62,sam zucker,0.7084445838055609,5.0,2025-01-10,PA2025 - Pennsylvania Speed Puzzling Championship
63,eric goulet,0.7089180033406375,7.0,2024-05-04,#195 2024 DC Championship
64,megan jones,0.7089961573761132,8.0,2024-09-20,WJPC 2024 Semifinal 2
65,katherine dilks,0.7099463179992527,4.0,2026-01-01,Unknown Latest Event
66,jane stine,0.7105978113358371,3.0,2026-01-01,Unknown Latest Event
67,kevin collins,0.7112736424408052,9.0,2025-02-08,Speed Puzzling # 292
68,robin decaire,0.7114257976782475,3.0,2024-10-12,#248 2024 MN Championship
69,melissa harlow,0.7131762556846355,2.0,2026-01-01,Unknown Latest Event
70,tammy mcleod,0.7160240349767681,7.0,2025-01-26,Saint Paul Winter Carnival Solo
71,christopher nammour,0.7162403152232601,4.0,2025-02-08,Speed Puzzling # 292
72,katie erickson,0.717716695157954,4.0,2025-01-26,Saint Paul Winter Carnival Solo
73,peyton durkin,0.7181448379366513,4.0,2024-08-03,#220 2024 MA Championship
74,becky maybury,0.7201783723522853,1.0,2024-08-03,#220 2024 MA Championship
75,xin li phuah,0.7226731480822174,4.0,2024-10-04,#247 2024 OR Championship
76,jennifer lunsford,0.7232558609869661,8.0,2025-02-08,Speed Puzzling # 292
77,melinda whiting,0.7248130014820497,5.0,2024-03-24,Jigsaw Nationals 2024 Finals
78,elizabeth nelson,0.7255253181359369,10.0,2025-02-08,Speed Puzzling # 292
79,annabelle platt,0.7271922525239471,5.0,2024-11-09,#264 Sanctioned Virtual
80,aloysia larson,0.7275052747819947,10.0,2025-02-08,Speed Puzzling # 292
81,doug ellwanger,0.7285413014552793,5.0,2024-11-16,#265 2024 CA Championship
82,aubrey barrow,0.7329865746606388,3.0,2026-01-01,Unknown Latest Event
83,skye vandeleest,0.7334088405401982,16.0,2025-02-08,Speed Puzzling # 292
84,diana jaffe,0.7343035972616724,14.0,2025-01-04,Speed Puzzling # 278
85,katie luscher,0.7344102298525872,4.0,2024-03-24,Jigsaw Nationals 2024 Finals
86,jennifer lunsford,0.7389814503896669,8.0,2026-01-01,Unknown Latest Event
87,gail mccormick,0.7392711774971865,14.0,2025-01-10,PA2025 - Pennsylvania Speed Puzzling Championship
88,taylor reed,0.7407644592507934,5.0,2026-01-01,Unknown Latest Event
89,angela harrow,0.7412437880920317,2.0,2026-01-01,Unknown Latest Event
90,hannah wensing,0.7447666616063486,4.0,2025-01-26,Saint Paul Winter Carnival Solo
91,chloe glikbarg,0.7448590859071369,16.0,2025-02-08,Speed Puzzling # 292
92,jenna wyly,0.7455350413769022,4.0,2026-01-01,Unknown Latest Event
93,elizabeth walters,0.7459544478915021,7.0,2024-10-12,#248 2024 MN Championship
94,eb caron,0.7459783478233168,7.0,2024-08-10,#223 2024 NE Regional Championship
95,christopher viox,0.7462778720065173,5.0,2025-02-08,Speed Puzzling # 292
96,chloe muellers,0.750958533821186,6.0,2024-09-19,WJPC 2024 First Round F
97,jessica derby,0.755011125151037,5.0,2024-10-12,#248 2024 MN Championship
98,max figura,0.7551025019313122,3.0,2025-01-26,Saint Paul Winter Carnival Solo
99,josh trauger,0.7552125231823792,6.0,2024-06-21,#209 2024 OH Championship
100,grace stonecipher,0.7553858206032119,1.0,2026-01-01,Unknown Latest Event
101,lindsay wang,0.7554874516748314,5.0,2024-09-27,#240 2024 VA Championship
102,grey rogers,0.7578962977894503,4.0,2024-03-24,Jigsaw Nationals 2024 Finals
103,leslie richardson,0.7595171776459613,9.0,2025-02-08,Speed Puzzling # 292
104,edith lewis,0.7620605290612407,12.0,2025-01-26,Saint Paul Winter Carnival Solo
105,andrew bradburn,0.7620699625357844,10.0,2025-01-26,Saint Paul Winter Carnival Solo
106,helen hu,0.7649190163895923,3.0,2024-11-16,#265 2024 CA Championship
107,rebecca streitz,0.7655945999943583,9.0,2025-02-08,Speed Puzzling # 292
108,caroline orsi,0.76566170058603,13.0,2025-02-08,Speed Puzzling # 292
109,kelly spoon,0.7668858762321134,2.0,2024-03-22,Jigsaw Nationals 2024 Prelim C
110,timothy miller,0.7669918180073898,5.0,2024-08-30,#231 2024 NY Championship
111,alyssa zackler,0.7682462947976981,11.0,2025-02-08,Speed Puzzling # 292
112,becky guenther,0.7712154807498488,1.0,2025-01-26,Saint Paul Winter Carnival Solo
113,josh nelson,0.7741358695452659,9.0,2025-01-26,Saint Paul Winter Carnival Solo
114,ashley ernst,0.7752309235530555,2.0,2024-04-20,#190 2024 CO Championship
115,elizaveta gallagher,0.7767589909612388,12.0,2025-02-08,Speed Puzzling # 292
116,sarah craig,0.7768334830216976,7.0,2024-06-21,#209 2024 OH Championship
117,amy paull,0.7771896308599214,12.0,2025-02-01,TX2025 - Texas Speed Puzzling Championship
118,kerry nicholson,0.7779955659929343,3.0,2026-01-01,Unknown Latest Event
119,michelle micheli,0.778219937058944,2.0,2026-01-01,Unknown Latest Event
120,angie gazdic,0.778256142105426,14.0,2025-02-08,Speed Puzzling # 292
121,claire thomas,0.7800889091329755,4.0,2024-09-19,WJPC 2024 First Round F
122,cosmo smith,0.7816055732713914,15.0,2025-02-08,Speed Puzzling # 292
123,amy coenen,0.7818271767810027,1.0,2024-09-07,#234 2024 UT Championship
124,heather mueller,0.782521965147291,13.0,2025-02-08,Speed Puzzling # 292
125,ashley bromiley,0.7829009075539204,18.0,2025-01-26,Saint Paul Winter Carnival Solo
126,jenn bodshaug,0.7834623371719841,1.0,2024-09-27,#241 2024 FL Championship
127,aly krasny,0.7839430342284819,13.0,2025-01-26,Saint Paul Winter Carnival Solo
128,sydney richards,0.7841627172195893,1.0,2026-01-01,Unknown Latest Event
129,soren burns,0.7842412961106928,2.0,2024-09-20,WJPC 2024 Semifinal 1
130,margaret long,0.7878672703168438,11.0,2025-02-08,Speed Puzzling # 292
131,katie hartzler,0.7881638252008623,1.0,2026-01-01,Unknown Latest Event
132,cindy todd,0.7898382980251559,2.0,2024-07-06,#214 Sanctioned Virtual
133,elizabeth mcelveen,0.7904869762174406,16.0,2025-02-08,Speed Puzzling # 292
134,masha s,0.7915265635507733,1.0,2024-08-10,#223 2024 NE Regional Championship
135,grace byrnes,0.7920080276355754,4.0,2024-10-12,#248 2024 MN Championship
136,jarom chung,0.793576343955431,4.0,2025-02-08,Speed Puzzling # 292
137,phillip ehresmann,0.7950010078613183,1.0,2025-01-26,Saint Paul Winter Carnival Solo
138,maria grant,0.7959876567924561,5.0,2024-08-03,#220 2024 MA Championship
139,chelsea suedkamp,0.7972691909126924,3.0,2026-01-01,Unknown Latest Event
140,betsey english,0.79862427210788,5.0,2024-09-07,#234 2024 UT Championship
141,faith taylor,0.7986368851145076,5.0,2025-01-26,Saint Paul Winter Carnival Solo
142,carmen dueas,0.7986523979389617,6.0,2024-08-10,#223 2024 NE Regional Championship
143,nicole pichette,0.7994569433669513,1.0,2026-01-01,Unknown Latest Event
144,allen greenwell,0.8028357082486157,4.0,2024-09-07,#234 2024 UT Championship
145,ana lindholm,0.8034800484637394,3.0,2024-10-12,#248 2024 MN Championship
146,nicholas mueller,0.8040185836292163,5.0,2025-02-08,Speed Puzzling # 292
147,karen ni,0.8041292181232946,5.0,2024-11-16,#265 2024 CA Championship
148,sigrid neilson,0.8045143590089541,4.0,2024-09-27,#240 2024 VA Championship
149,madeleine bouchie,0.8045759657935039,3.0,2025-01-10,IL2025 - Illinois Speed Puzzling Championship
150,nicholas mueller,0.8046584825808103,8.0,2025-02-08,Speed Puzzling # 292
151,melissa germait,0.8047337278106509,1.0,2026-01-01,Unknown Latest Event
152,aj lowery,0.8058005095042132,1.0,2026-01-01,Unknown Latest Event
153,melinda shokler,0.808955223880597,1.0,2025-02-01,TX2025 - Texas Speed Puzzling Championship
154,tara griffitts,0.809875441353422,2.0,2026-01-01,Unknown Latest Event
155,alison youngblood,0.8115883598256716,6.0,2025-02-08,Speed Puzzling # 292
156,sarah froeschle,0.8140809041665152,4.0,2024-06-01,#205 Sanctioned Virtual
157,janna goodrich,0.8149082857163366,3.0,2024-10-12,#248 2024 MN Championship
158,kamila lin,0.8153270125582424,3.0,2024-03-24,Jigsaw Nationals 2024 Finals
159,robyn curtis,0.8166169321838048,3.0,2026-01-01,Unknown Latest Event
160,michelle bone,0.8166414282090306,3.0,2026-01-01,Unknown Latest Event
161,kelley vallecillo,0.8167128749117933,6.0,2024-11-09,#264 Sanctioned Virtual
162,hope thompson,0.8186198733567782,5.0,2025-02-01,TX2025 - Texas Speed Puzzling Championship
163,jessica musser,0.8235184782846631,7.0,2025-02-01,TX2025 - Texas Speed Puzzling Championship
164,katie ruberg,0.8235834667616034,3.0,2026-01-01,Unknown Latest Event
165,mandi schalon,0.824238539525151,4.0,2024-11-16,#265 2024 CA Championship
166,danika dorris,0.826278455528196,2.0,2026-01-01,Unknown Latest Event
167,bethany quinn,0.8265666817656516,4.0,2025-02-08,Speed Puzzling # 292
168,yuewen chun,0.8276424388739385,6.0,2024-11-16,#265 2024 CA Championship
169,wendy escudero,0.8288385418218729,3.0,2024-05-11,#200 Sanctioned Virtual
170,kelsie foster,0.8291201254164215,1.0,2026-01-01,Unknown Latest Event
171,sarah hauge,0.8296074428128892,4.0,2024-04-20,#190 2024 CO Championship
172,shannon ohara,0.8310303015252718,5.0,2024-09-27,#242 2024 WI Championship
173,bethany litus,0.8317483050364581,2.0,2026-01-01,Unknown Latest Event
174,matthew swanson,0.832080569817109,3.0,2024-11-16,#265 2024 CA Championship
175,ariana murphy,0.8333159401682778,2.0,2026-01-01,Unknown Latest Event
176,katie wren,0.8340192043895748,1.0,2026-01-01,Unknown Latest Event
177,jorie ballun,0.8349553128103278,1.0,2024-09-27,#242 2024 WI Championship
178,nastia alekseeva,0.835226565686028,7.0,2025-02-08,Speed Puzzling # 292
179,rose robbins,0.8358481460824123,6.0,2025-01-26,Saint Paul Winter Carnival Solo
180,charese gainor,0.8383330141525067,12.0,2025-02-08,Speed Puzzling # 292
181,yasmeen almog,0.8384512963034996,4.0,2024-03-24,Jigsaw Nationals 2024 Finals
182,heather meylemans,0.8436115898956146,2.0,2024-03-24,Jigsaw Nationals 2024 Finals
183,isabel urrutia,0.844075589872225,10.0,2025-01-26,Saint Paul Winter Carnival Solo
184,alexandra michonski,0.8446230773705221,3.0,2026-01-01,Unknown Latest Event
185,emmie lee,0.84466426535512,13.0,2025-02-08,Speed Puzzling # 292
186,michael suey,0.8451181396070595,3.0,2024-11-16,#265 2024 CA Championship
187,megan bangerter,0.8453166226912929,1.0,2024-09-07,#234 2024 UT Championship
188,katherine sydor,0.8454253812176521,2.0,2026-01-01,Unknown Latest Event
189,maria baklund,0.84614666452552,3.0,2025-01-26,Saint Paul Winter Carnival Solo
190,kimberly kenne,0.8462113048758291,8.0,2025-01-26,Saint Paul Winter Carnival Solo
191,whitney presley,0.8465746195583511,10.0,2024-09-20,WJPC 2024 Semifinal 1
192,jeremy seidling,0.847549444825553,9.0,2024-10-12,#248 2024 MN Championship
193,samantha saake,0.8490855824062293,13.0,2025-02-08,Speed Puzzling # 292
194,mackenzie williams,0.8494673459935156,1.0,2026-01-01,Unknown Latest Event
195,natalie schimmelbusch,0.8518370196004936,7.0,2024-09-27,#240 2024 VA Championship
196,victoria le,0.852097754372187,3.0,2025-02-08,Speed Puzzling # 292
197,danielle rumph,0.8530355536925411,4.0,2026-01-01,Unknown Latest Event
198,amanda van straten,0.8531993204983013,2.0,2024-05-11,#200 Sanctioned Virtual
199,elizabeth tashiro,0.8541429182384921,17.0,2025-02-08,Speed Puzzling # 292
200,claire bailey,0.8554520760574311,1.0,2024-11-16,#265 2024 CA Championship
201,kara bingham,0.8567707272451035,10.0,2025-01-26,Saint Paul Winter Carnival Solo
202,calie curran,0.8570917795104602,4.0,2025-02-01,TX2025 - Texas Speed Puzzling Championship
203,christine parsons,0.8573060327069293,10.0,2024-11-09,#264 Sanctioned Virtual
204,sabrina monseratelindsay,0.8579851491884198,13.0,2025-02-08,Speed Puzzling # 292
205,andrew paul,0.8584020950347113,8.0,2025-01-10,IL2025 - Illinois Speed Puzzling Championship
206,amanda messinger,0.8604188895240481,8.0,2025-02-08,Speed Puzzling # 292
207,leighanne andrews,0.8607594936708861,1.0,2024-09-19,WJPC 2024 First Round F
208,erin walker,0.8612860141194428,1.0,2026-01-01,Unknown Latest Event
209,kara taylor,0.8638659788647035,13.0,2025-02-08,Speed Puzzling # 292
210,darya leylian,0.864580118902501,5.0,2024-11-16,#265 2024 CA Championship
211,samina schiller,0.8649206856965037,3.0,2024-09-18,WJPC 2024 First Round C
212,meri cartee,0.8653634126774676,3.0,2024-03-24,Jigsaw Nationals 2024 Finals
213,jennifer luscher,0.8660914291596016,4.0,2024-03-24,Jigsaw Nationals 2024 Finals
214,heather lee,0.8663575891957267,1.0,2025-01-26,Saint Paul Winter Carnival Solo
215,scott eng,0.8676956621038716,12.0,2025-02-08,Speed Puzzling # 292
216,mary beth harris,0.8686421672768202,7.0,2025-02-08,Speed Puzzling # 292
217,aimee seligstein,0.870053140615074,7.0,2025-02-08,Speed Puzzling # 292
218,elizabeth forsyth,0.8712513538641127,9.0,2024-11-16,#265 2024 CA Championship
219,rita loeffler,0.871847576241227,5.0,2024-11-09,#264 Sanctioned Virtual
220,stephen hall,0.8726068582327334,3.0,2026-01-01,Unknown Latest Event
221,sarah proctor,0.8741493631400272,12.0,2025-02-08,Speed Puzzling # 292
222,katie moser,0.8746090841399853,1.0,2024-04-20,#190 2024 CO Championship
223,feifei xue,0.8748238498381585,2.0,2026-01-01,Unknown Latest Event
224,alexandra wright,0.8749147968071123,2.0,2024-09-27,#241 2024 FL Championship
225,andrea reynolds,0.8761869248842441,17.0,2025-01-04,Speed Puzzling # 278
226,brooke ourodjobo,0.8767830214769398,5.0,2024-08-10,#223 2024 NE Regional Championship
227,elizabeth alvarez,0.877201718116841,8.0,2025-02-08,Speed Puzzling # 292
228,patrick madigan,0.8778989909434807,2.0,2024-11-02,#259 2024 AZ Championship
229,michael mcclellen,0.8783186846495984,2.0,2024-10-19,#256 Sanctioned Virtual
230,kristen howell,0.8793176972281448,1.0,2025-02-01,TX2025 - Texas Speed Puzzling Championship
231,chelsea widmaier,0.8795353844886078,10.0,2024-11-09,#264 Sanctioned Virtual
232,kristin blair,0.8795487786228964,4.0,2024-04-20,#190 2024 CO Championship
233,lindsey anderson,0.8799262566495811,4.0,2024-09-07,#234 2024 UT Championship
234,betsy parker,0.8813705701061336,3.0,2024-10-12,#248 2024 MN Championship
235,brenna kitchen,0.8821551586185751,3.0,2024-09-07,#234 2024 UT Championship
236,lena nguyenvo,0.8831206550144763,8.0,2024-09-20,WJPC 2024 Semifinal 1
237,samantha burton,0.8835171364186847,4.0,2025-01-04,Speed Puzzling # 278
238,sarah goodman,0.8843222173121438,4.0,2024-10-18,#253 2024 MO Championship
239,michelle walker,0.8847089935809604,3.0,2024-11-02,#259 2024 AZ Championship
240,jessica osburn,0.8851285811174062,4.0,2024-11-16,#265 2024 CA Championship
241,rebecca watson,0.8869672510554405,2.0,2024-04-20,#190 2024 CO Championship
242,jessica norris,0.8879640686680511,10.0,2025-02-08,Speed Puzzling # 292
243,alison filley,0.8888488477311143,14.0,2025-02-08,Speed Puzzling # 292
244,lydia utkin,0.8895729457095234,9.0,2025-02-08,Speed Puzzling # 292
245,emily ganser,0.8914143481749554,2.0,2024-03-24,Jigsaw Nationals 2024 Finals
246,melynda owens,0.8916503730784147,23.0,2025-02-08,Speed Puzzling # 292
247,carolyn papke,0.891658073065499,3.0,2026-01-01,Unknown Latest Event
248,megan bailey,0.8924777323483575,5.0,2025-01-10,FL2025 - Florida Speed Puzzling Championship
249,megan banks,0.8929063939839126,7.0,2025-02-08,Speed Puzzling # 292
250,victoria chu,0.8930079300130246,2.0,2024-11-16,#265 2024 CA Championship
251,ryder jackson,0.8934055280189493,5.0,2025-02-08,Speed Puzzling # 292
252,christina ly,0.893494331863943,2.0,2024-09-14,#239 Sanctioned Virtual
253,kahley kopp,0.8963459414542387,2.0,2024-05-11,#200 Sanctioned Virtual
254,kayla berkowitz,0.8967600652129889,4.0,2024-08-30,#231 2024 NY Championship
255,meagan bruckerhahn,0.8977233650691726,4.0,2024-10-18,#251 2024 MI Championship
256,michael ha,0.8983900134454574,3.0,2026-01-01,Unknown Latest Event
257,david telintelo,0.9003710598042036,3.0,2024-10-12,#248 2024 MN Championship
258,danielle rodenroth,0.9008537058595266,1.0,2024-11-16,#265 2024 CA Championship
259,toni macreynolds,0.901222475846255,12.0,2025-02-08,Speed Puzzling # 292
260,laurie marcey,0.9034041360877303,7.0,2024-10-04,#246 2024 NC Championship
261,stephanie owen,0.9045861016783905,4.0,2024-09-27,#240 2024 VA Championship
262,tessa melli,0.9048006216752682,6.0,2025-02-08,Speed Puzzling # 292
263,melissa cody,0.9052350483406885,5.0,2025-01-26,Saint Paul Winter Carnival Solo
264,amber whitear,0.9057267503924947,8.0,2025-02-08,Speed Puzzling # 292
265,selina gilbertson,0.9061862857672167,6.0,2025-02-08,Speed Puzzling # 292
266,agnes roche,0.9062984438715191,6.0,2024-08-10,#223 2024 NE Regional Championship
267,erika sorrel,0.9065518689626207,1.0,2026-01-01,Unknown Latest Event
268,alexx cisotto,0.9066292860381011,17.0,2025-02-08,Speed Puzzling # 292
269,joey flispart,0.9091198647395563,3.0,2024-09-14,#239 Sanctioned Virtual
270,ashlyn koga,0.9111598709971986,6.0,2024-10-19,#256 Sanctioned Virtual
271,michelle kaufman,0.9120008171980241,11.0,2024-10-19,#256 Sanctioned Virtual
272,kirsty weitzel,0.9134978680768766,12.0,2025-02-08,Speed Puzzling # 292
273,chieh pan,0.9140708915145005,1.0,2024-03-22,Jigsaw Nationals 2024 Prelim B
274,jamie ambabo,0.9150995513799633,10.0,2024-09-19,WJPC 2024 First Round D
275,laura wheatman,0.9155412215279177,1.0,2025-01-26,Saint Paul Winter Carnival Solo
276,bonnie smith,0.9156055260835675,4.0,2025-02-08,Speed Puzzling # 292
277,carley lauer,0.915707848931765,4.0,2024-06-21,#209 2024 OH Championship
278,susanne riehemann,0.9161618496442886,9.0,2025-02-08,Speed Puzzling # 292
279,kristen sweeney,0.9163752624678174,6.0,2024-08-10,#223 2024 NE Regional Championship
280,shalise hassing,0.9181099353681513,8.0,2025-02-08,Speed Puzzling # 292
281,irene ho,0.9193758745768851,7.0,2025-02-08,Speed Puzzling # 292
282,trish doty,0.9196275729714387,7.0,2025-01-10,PA2025 - Pennsylvania Speed Puzzling Championship
283,heather ross,0.9198723667304369,5.0,2024-11-16,#265 2024 CA Championship
284,lori eich,0.9201294926821711,2.0,2026-01-01,Unknown Latest Event
285,dakota scully,0.9208947144730875,2.0,2025-01-26,Saint Paul Winter Carnival Solo
286,michelle gauthier,0.922195800627303,2.0,2025-01-26,Saint Paul Winter Carnival Solo
287,ashley tucker,0.9229087917245482,10.0,2025-02-08,Speed Puzzling # 292
288,jonathan cluff,0.923589732122865,29.0,2025-02-08,Speed Puzzling # 292
289,meredith yeager,0.9288429088703755,9.0,2024-09-18,WJPC 2024 First Round C
290,hiromi kimura,0.9289184829644566,7.0,2025-02-08,Speed Puzzling # 292
291,mike helland,0.9293746310712235,2.0,2024-10-12,#248 2024 MN Championship
292,krystal jakosky,0.9303630363036304,1.0,2024-03-22,Jigsaw Nationals 2024 Prelim C
293,andrew nichols,0.9310022678801206,2.0,2024-09-18,WJPC 2024 First Round A
294,emily lippe,0.9324644549763034,1.0,2026-01-01,Unknown Latest Event
295,jolanta starr,0.936406704450742,2.0,2026-01-01,Unknown Latest Event
296,ann mortimer,0.937839839956242,2.0,2024-06-21,#209 2024 OH Championship
297,david black,0.9387140456606369,3.0,2026-01-01,Unknown Latest Event
298,lauren peacock,0.9392638036809816,1.0,2026-01-01,Unknown Latest Event
299,carrie grose,0.9397302001740644,1.0,2024-11-02,#259 2024 AZ Championship
300,kinsey keltz,0.9397748357257081,24.0,2025-02-08,Speed Puzzling # 292
301,rebecca widmayer,0.9400161149305477,4.0,2026-01-01,Unknown Latest Event
302,eli maravich,0.9400331832187722,1.0,2025-01-10,PA2025 - Pennsylvania Speed Puzzling Championship
303,carter lennon,0.9402306321185279,11.0,2025-02-08,Speed Puzzling # 292
304,zoe beckett,0.9402637703646237,1.0,2026-01-01,Unknown Latest Event
305,shawna schafer,0.942395891003988,2.0,2024-10-19,#256 Sanctioned Virtual
306,rosemary dabbs,0.9436337977466455,2.0,2024-03-22,Jigsaw Nationals 2024 Prelim B
307,kevin erickson,0.9440146479678295,4.0,2025-01-26,Saint Paul Winter Carnival Solo
308,nicky nelson,0.9448056203142516,2.0,2024-06-21,#209 2024 OH Championship
309,ben scofield,0.945066143088608,9.0,2025-02-08,Speed Puzzling # 292
310,karen gwilliam,0.9456017166430992,6.0,2024-09-14,#239 Sanctioned Virtual
311,jennifer hancock,0.9465238560820993,1.0,2026-01-01,Unknown Latest Event
312,barbara howard,0.9479744136460554,1.0,2025-02-01,TX2025 - Texas Speed Puzzling Championship
313,terra jansma,0.9480315683978942,2.0,2024-10-12,#248 2024 MN Championship
314,ari gass,0.9486798679867988,1.0,2024-03-22,Jigsaw Nationals 2024 Prelim C
315,cameron hatch,0.9490323287212266,3.0,2024-11-02,#259 2024 AZ Championship
316,dever kucera,0.9494689112835599,2.0,2024-05-04,#195 2024 DC Championship
317,brian wolfe,0.950630250251653,1.0,2026-01-01,Unknown Latest Event
318,cami pottle,0.9507370054305662,1.0,2026-01-01,Unknown Latest Event
319,amy burgess,0.952428945777061,1.0,2025-01-26,Saint Paul Winter Carnival Solo
320,chrissy burkhart,0.9526652452025587,1.0,2025-02-01,TX2025 - Texas Speed Puzzling Championship
321,jessica henderson,0.9532650696821876,11.0,2025-01-26,Saint Paul Winter Carnival Solo
322,elizabeth winters,0.9538886678675225,5.0,2025-02-08,Speed Puzzling # 292
323,marisa martin,0.9544611014737043,2.0,2026-01-01,Unknown Latest Event
324,joyce yoo,0.956530379159545,2.0,2024-03-22,Jigsaw Nationals 2024 Prelim B
325,katherine wood,0.9573767684861691,4.0,2025-02-08,Speed Puzzling # 292
326,lisa matyas,0.9579207920792079,1.0,2024-03-22,Jigsaw Nationals 2024 Prelim C
327,amber spires,0.9579242027575088,3.0,2026-01-01,Unknown Latest Event
328,jasmine butcher,0.9580440287681233,5.0,2024-05-11,#200 Sanctioned Virtual
329,tyler heathcote,0.9593995249686378,3.0,2026-01-01,Unknown Latest Event
330,angela morford,0.959917586480208,9.0,2025-01-26,Saint Paul Winter Carnival Solo
331,tiffany jiamachello,0.9604414634734374,6.0,2024-11-09,#264 Sanctioned Virtual
332,alex carney,0.9609972088462326,4.0,2024-06-01,#205 Sanctioned Virtual
333,marguerite byrnes,0.9610538275570439,1.0,2026-01-01,Unknown Latest Event
334,natasha oerter,0.9612567918733759,1.0,2026-01-01,Unknown Latest Event
335,cheri wilson,0.9617618455680215,2.0,2024-11-09,#264 Sanctioned Virtual
336,katelyn squire,0.9632088366687037,4.0,2024-11-02,#259 2024 AZ Championship
337,audrey nelson,0.9633551500543646,7.0,2025-02-08,Speed Puzzling # 292
338,megan reinhart,0.9638554216867469,1.0,2024-05-11,#200 Sanctioned Virtual
339,megan heywood,0.9665237467018469,1.0,2024-09-07,#234 2024 UT Championship
340,lindsay steenstra,0.9686481986632519,14.0,2025-01-26,Saint Paul Winter Carnival Solo
341,william shandling,0.9690830785755598,2.0,2024-09-19,WJPC 2024 First Round D
342,jen mcguire,0.969195272291888,6.0,2024-08-03,#220 2024 MA Championship
343,alison stormo,0.9702655455897646,2.0,2024-07-13,#215 2024 NW Regional Championship
344,daneya lynn,0.971034804952114,1.0,2024-08-30,#232 2024 PA Championship
345,brittany houghton,0.9718550106609808,1.0,2025-02-01,TX2025 - Texas Speed Puzzling Championship
346,debrianna obara,0.9737609329446064,1.0,2024-03-22,Jigsaw Nationals 2024 Prelim B
347,lindsay cooper,0.9758879765928328,2.0,2026-01-01,Unknown Latest Event
348,julie theismann,0.9768191896795001,1.0,2025-01-26,Saint Paul Winter Carnival Solo
349,michelle chan,0.9769219376149949,5.0,2025-02-01,TX2025 - Texas Speed Puzzling Championship
350,greta block,0.9779207219786767,2.0,2024-07-13,#215 2024 NW Regional Championship
351,jodi nichol,0.9798422652261689,6.0,2024-10-19,#256 Sanctioned Virtual
352,lynne nguyen,0.979957356076759,1.0,2025-02-01,TX2025 - Texas Speed Puzzling Championship
353,madeleine pedrow,0.9800942641204349,9.0,2025-01-10,PA2025 - Pennsylvania Speed Puzzling Championship
354,kimberly ziaei,0.980309423347398,1.0,2024-03-22,Jigsaw Nationals 2024 Prelim A
355,anna morrissette,0.9806320225887432,2.0,2024-10-12,#248 2024 MN Championship
356,sue kroger,0.9811905746176106,1.0,2024-09-14,#239 Sanctioned Virtual
357,chad troop,0.982071084556879,2.0,2024-03-24,Jigsaw Nationals 2024 Finals
358,gabrielle kolakowski,0.9857819905213272,1.0,2026-01-01,Unknown Latest Event
359,krystal cotriss,0.9865193774190446,7.0,2024-07-06,#214 Sanctioned Virtual
360,jessica bradley,0.9866400723742759,3.0,2024-04-20,#190 2024 CO Championship
361,valerie thurston,0.9873178629249864,1.0,2026-01-01,Unknown Latest Event
362,grace randall,0.9891153311718388,1.0,2026-01-01,Unknown Latest Event
363,shannon richardson,0.9903707254446453,6.0,2025-02-08,Speed Puzzling # 292
364,kelli ryan,0.9923614118687777,2.0,2024-11-02,#259 2024 AZ Championship
365,christine durkin,0.9928536191812319,7.0,2024-10-12,#248 2024 MN Championship
366,maggie kirkland,0.9937282873213629,5.0,2026-01-01,Unknown Latest Event
367,megan wickmann,0.9951622656722433,1.0,2025-01-26,Saint Paul Winter Carnival Solo
368,emily mcinnes,0.9960012394682091,1.0,2026-01-01,Unknown Latest Event
369,toryn schafer,0.9968782496853181,3.0,2025-02-01,TX2025 - Texas Speed Puzzling Championship
370,abigail savit,0.9969036815762268,3.0,2024-05-04,#195 2024 DC Championship
371,micaela newman,0.9969545999681367,3.0,2024-11-02,#259 2024 AZ Championship
372,cindy markison,0.9975209724909159,6.0,2025-02-08,Speed Puzzling # 292
373,bill mcfadden,0.998965126714993,8.0,2024-08-10,#223 2024 NE Regional Championship
374,julia salzman,0.9996500437445319,1.0,2024-10-12,#248 2024 MN Championship
375,amanda pan,0.9997323163459129,3.0,2024-08-10,#223 2024 NE Regional Championship
376,amber lewis,1.0,1.0,2026-01-01,Unknown Latest Event
377,emma ropes,1.0003068896731624,1.0,2024-03-22,Jigsaw Nationals 2024 Prelim B
378,rebecca young,1.0011114499227713,7.0,2025-02-08,Speed Puzzling # 292
379,dorae wulbecker,1.0013695503309747,1.0,2026-01-01,Unknown Latest Event
380,andrea howard,1.0033244452513035,3.0,2024-11-16,#265 2024 CA Championship
381,rushing smith,1.0041034045404065,11.0,2025-02-08,Speed Puzzling # 292
382,cindy skroch,1.007365832031133,2.0,2025-01-26,Saint Paul Winter Carnival Solo
383,dawn wilson,1.008454072407217,2.0,2024-07-13,#215 2024 NW Regional Championship
384,lauren turner,1.008676034664508,3.0,2024-11-09,#264 Sanctioned Virtual
385,brianne wolf,1.0089161648911533,2.0,2024-09-14,#239 Sanctioned Virtual
386,lisa george,1.0090507327249143,12.0,2025-02-08,Speed Puzzling # 292
387,aria collopy,1.0094495629577132,1.0,2026-01-01,Unknown Latest Event
388,jensy nandar bejarano,1.0097708418571707,1.0,2026-01-01,Unknown Latest Event
389,valeria carrillo,1.0098952270081492,1.0,2024-11-16,#265 2024 CA Championship
390,jennifer holliday,1.0100455217208852,2.0,2025-01-10,IL2025 - Illinois Speed Puzzling Championship
391,brittany grissom,1.0106849837817211,1.0,2026-01-01,Unknown Latest Event
392,abby rosenberg,1.0116485686080947,1.0,2026-01-01,Unknown Latest Event
393,michelle penta,1.013535877155896,3.0,2024-08-10,#223 2024 NE Regional Championship
394,emily boudreaux,1.014630858511936,12.0,2025-02-08,Speed Puzzling # 292
395,terri gomezferree,1.014637577248235,3.0,2025-02-01,TX2025 - Texas Speed Puzzling Championship
396,linda hirschfeld,1.0148446186746627,9.0,2024-10-18,#252 2024 IN Championship
397,jenna hickey,1.0151092280730998,2.0,2026-01-01,Unknown Latest Event
398,jodie morse,1.0167485874351825,17.0,2025-02-08,Speed Puzzling # 292
399,kelsey booth,1.0167996640067198,1.0,2026-01-01,Unknown Latest Event
400,sarah eggerichs,1.0182138268980638,16.0,2025-02-08,Speed Puzzling # 292
401,stephanie mcintyre,1.0182654188012525,1.0,2026-01-01,Unknown Latest Event
402,michelle mccrea,1.0182654188012525,1.0,2026-01-01,Unknown Latest Event
403,tazia statucki,1.018518134938172,12.0,2025-01-26,Saint Paul Winter Carnival Solo
404,julia winer,1.018956398401073,2.0,2024-08-10,#223 2024 NE Regional Championship
405,makiko hiromi,1.0194168696153874,2.0,2026-01-01,Unknown Latest Event
406,jessica walters,1.0198992781680598,2.0,2024-03-09,#184 Sanctioned Virtual
407,john vullo,1.0215397327879068,1.0,2026-01-01,Unknown Latest Event
408,kari loftesness,1.0231536035203912,3.0,2024-11-16,#265 2024 CA Championship
409,natalie davies,1.0232421300382466,1.0,2024-06-01,#205 Sanctioned Virtual
410,karen chandran,1.0237248423330865,3.0,2024-08-10,#223 2024 NE Regional Championship
411,joy troop,1.0254125412541255,1.0,2024-03-22,Jigsaw Nationals 2024 Prelim C
412,kelli barnes,1.0262778537520894,3.0,2024-05-11,#200 Sanctioned Virtual
413,anna karnaze,1.0263244622154848,1.0,2026-01-01,Unknown Latest Event
414,korina orton,1.0267326732673268,1.0,2024-03-22,Jigsaw Nationals 2024 Prelim C
415,nicole zern,1.0273467804499614,1.0,2026-01-01,Unknown Latest Event
416,alyssa graham,1.0281486782069067,10.0,2025-02-08,Speed Puzzling # 292
417,erin ireland,1.0285118771931214,6.0,2024-10-19,#256 Sanctioned Virtual
418,robin patrick,1.029039478363131,12.0,2025-02-08,Speed Puzzling # 292
419,cassie vonrueden,1.0291372817671867,6.0,2025-01-26,Saint Paul Winter Carnival Solo
420,jason pipkin,1.0301964880086996,4.0,2024-06-21,#209 2024 OH Championship
421,noelle marshall,1.0306163604795775,13.0,2025-02-08,Speed Puzzling # 292
422,nicole hall,1.0311866886615522,3.0,2026-01-01,Unknown Latest Event
423,cindy koster,1.031432090296676,3.0,2025-01-26,Saint Paul Winter Carnival Solo
424,felisa lewis,1.0334753966284138,14.0,2025-02-08,Speed Puzzling # 292
425,owen wartella,1.0340928740620432,7.0,2024-10-19,#256 Sanctioned Virtual
426,veronica sheppard,1.035134522816672,2.0,2024-10-18,#251 2024 MI Championship
427,shirley jiang,1.0368655867810133,5.0,2025-01-10,IL2025 - Illinois Speed Puzzling Championship
428,sabrina godfrey,1.0373388809228183,3.0,2024-06-21,#209 2024 OH Championship
429,kendra stevens,1.0376202974628173,1.0,2024-10-12,#248 2024 MN Championship
430,monika koops,1.0380461719684895,5.0,2025-02-08,Speed Puzzling # 292
431,kori klustaitis,1.038814234605868,9.0,2025-02-08,Speed Puzzling # 292
432,karen wells,1.0408478344832859,12.0,2025-02-08,Speed Puzzling # 292
433,carolyn canterman,1.0416407395439167,7.0,2024-10-19,#256 Sanctioned Virtual
434,genesis thomas,1.0420410573912358,7.0,2025-02-01,TX2025 - Texas Speed Puzzling Championship
435,angela knapp,1.0421521433823664,2.0,2024-10-18,#251 2024 MI Championship
436,maria seitz,1.0441480773704848,14.0,2025-02-08,Speed Puzzling # 292
437,liz dukette,1.045830380344909,1.0,2026-01-01,Unknown Latest Event
438,melissa martin,1.0458694457019768,18.0,2025-02-08,Speed Puzzling # 292
439,stephanie thompson,1.0466064770182961,9.0,2025-01-04,Speed Puzzling # 278
440,catherine hoffman,1.0468335155683604,3.0,2024-07-06,#214 Sanctioned Virtual
441,joanne tustison,1.0472557021327098,4.0,2024-07-06,#214 Sanctioned Virtual
442,erin cherry,1.0499823094103973,5.0,2024-08-03,#220 2024 MA Championship
443,erin may,1.050640279394645,1.0,2024-11-16,#265 2024 CA Championship
444,erin sweeney,1.0511876641209168,7.0,2024-10-04,#245 2024 NJ Championship
445,megan harrison,1.0529833826997097,3.0,2024-05-11,#200 Sanctioned Virtual
446,jennifer morrow,1.0533813471072584,16.0,2025-02-08,Speed Puzzling # 292
447,erin leidy,1.0537124802527646,1.0,2026-01-01,Unknown Latest Event
448,lori nussbaum,1.0542748151105725,4.0,2024-10-04,#247 2024 OR Championship
449,norah molina,1.0543485414093583,17.0,2025-02-08,Speed Puzzling # 292
450,jd armstrong,1.054353563993918,6.0,2025-02-08,Speed Puzzling # 292
451,bailey baleno,1.054595336057651,12.0,2025-02-08,Speed Puzzling # 292
452,mareda shurts,1.0550526925239525,2.0,2025-02-01,TX2025 - Texas Speed Puzzling Championship
453,laura schaefer,1.0552968568102445,1.0,2024-11-16,#265 2024 CA Championship
454,elizabeth beetschen,1.0553022224029949,6.0,2024-11-09,#264 Sanctioned Virtual
455,mackenzie burnett,1.055516182376565,1.0,2026-01-01,Unknown Latest Event
456,karen christopher,1.0574311214590608,1.0,2024-11-16,#265 2024 CA Championship
457,lea campbell,1.0581846392552365,1.0,2026-01-01,Unknown Latest Event
458,karina pareja,1.062933470331364,1.0,2024-03-09,#184 Sanctioned Virtual
459,ieva veya,1.0641187961440122,7.0,2025-02-08,Speed Puzzling # 292
460,bob baddeley,1.0653328053270812,5.0,2024-09-27,#242 2024 WI Championship
461,elliot thompson,1.0678554886521539,1.0,2026-01-01,Unknown Latest Event
462,kristina kenyon,1.0691174810159885,8.0,2025-01-26,Saint Paul Winter Carnival Solo
463,elizabeth sondag,1.0692874925116511,5.0,2024-05-04,#195 2024 DC Championship
464,emily bell,1.070871722182849,1.0,2026-01-01,Unknown Latest Event
465,jessie oneill,1.0716042786580928,2.0,2026-01-01,Unknown Latest Event
466,zoealanah robert,1.072289368192377,2.0,2024-03-22,Jigsaw Nationals 2024 Prelim A
467,jessica rykowski,1.0727920126812083,4.0,2025-01-04,Speed Puzzling # 278
468,luanne hill,1.0747319451545598,2.0,2024-05-04,#195 2024 DC Championship
469,jessica white,1.075217391304348,1.0,2025-01-10,IL2025 - Illinois Speed Puzzling Championship
470,soren hansen,1.0754409929754378,3.0,2024-05-04,#195 2024 DC Championship
471,heidi krauss,1.0757180156657964,1.0,2024-11-02,#259 2024 AZ Championship
472,jodi green,1.0776535548569108,11.0,2025-02-08,Speed Puzzling # 292
473,catherine kieu,1.078302852022078,4.0,2024-07-13,#215 2024 NW Regional Championship
474,sola grantham,1.0789756832364967,1.0,2024-07-13,#215 2024 NW Regional Championship
475,emily rivera,1.0796105386427683,4.0,2025-01-26,Saint Paul Winter Carnival Solo
476,amy mueggenberg,1.0800115609125476,2.0,2026-01-01,Unknown Latest Event
477,amy aldridge,1.0805769530472529,3.0,2025-01-10,FL2025 - Florida Speed Puzzling Championship
478,cassiday van dyke,1.080711942550083,4.0,2026-01-01,Unknown Latest Event
479,julie kutchera,1.0843117109688838,4.0,2024-11-02,#259 2024 AZ Championship
480,lauren okeefe,1.084514435695538,1.0,2024-10-12,#248 2024 MN Championship
481,michael dickman,1.0845274391131043,5.0,2024-11-09,#264 Sanctioned Virtual
482,courtney buhler,1.0850734078494035,7.0,2024-10-18,#252 2024 IN Championship
483,melissa mccarthy,1.085258744987799,10.0,2025-02-08,Speed Puzzling # 292
484,miranda mann,1.0854488409464493,7.0,2025-02-08,Speed Puzzling # 292
485,ashley ward,1.0856169777147808,2.0,2026-01-01,Unknown Latest Event
486,judy moulder,1.086127010084492,1.0,2026-01-01,Unknown Latest Event
487,melanie bickford,1.0868146214099217,1.0,2024-11-02,#259 2024 AZ Championship
488,lydia osner,1.0869815821162798,5.0,2025-01-10,PA2025 - Pennsylvania Speed Puzzling Championship
489,ari cotter,1.0871094027712602,2.0,2026-01-01,Unknown Latest Event
490,lisa peterson,1.0877308707124012,1.0,2024-09-07,#234 2024 UT Championship
491,carrie campbell,1.088058667123702,5.0,2025-02-08,Speed Puzzling # 292
492,michelle malcom,1.0881352614239033,7.0,2025-02-08,Speed Puzzling # 292
493,aurali dade,1.0881907712640881,2.0,2026-01-01,Unknown Latest Event
494,cleo van der veen,1.0888196735844093,4.0,2024-11-02,#259 2024 AZ Championship
495,natalie motl,1.089763779527559,1.0,2024-10-12,#248 2024 MN Championship
496,manja wurschke,1.0909764206613408,4.0,2024-08-10,#223 2024 NE Regional Championship
497,jamie felicetti,1.0918535620052772,1.0,2024-09-07,#234 2024 UT Championship
498,ashley wu,1.0920527679897494,1.0,2026-01-01,Unknown Latest Event
499,megan jenkins,1.0922008913090313,8.0,2025-02-01,TX2025 - Texas Speed Puzzling Championship
500,maggie horne,1.094278833207583,4.0,2024-08-10,#223 2024 NE Regional Championship
501,soon kim,1.094341565900451,3.0,2024-05-04,#195 2024 DC Championship
502,ann marie greenleaf,1.0955682275268295,12.0,2025-02-08,Speed Puzzling # 292
503,jennifer hill,1.0957006268523373,3.0,2024-09-18,WJPC 2024 First Round C
504,sara feyereisen,1.0978285509124341,9.0,2025-02-08,Speed Puzzling # 292
505,gayle okano,1.0993551101326664,2.0,2024-11-16,#265 2024 CA Championship
506,katie frank,1.0997191944893352,2.0,2024-10-12,#248 2024 MN Championship
507,jenevieve parker,1.0999363135765483,7.0,2025-02-01,TX2025 - Texas Speed Puzzling Championship
508,erica israel,1.1017057569296376,1.0,2025-02-01,TX2025 - Texas Speed Puzzling Championship
509,melissa reilly,1.1020170674941816,1.0,2026-01-01,Unknown Latest Event
510,annie hansen,1.1034313103181712,4.0,2026-01-01,Unknown Latest Event
511,sarah barcousky,1.10513964620668,3.0,2025-01-10,FL2025 - Florida Speed Puzzling Championship
512,rebecca roberts,1.1057050181263117,1.0,2026-01-01,Unknown Latest Event
513,sarah hosley,1.1066680438535657,1.0,2026-01-01,Unknown Latest Event
514,claire sole,1.1077250177179303,1.0,2026-01-01,Unknown Latest Event
515,allison wong,1.1086309892872164,2.0,2024-11-16,#265 2024 CA Championship
516,catherine kim,1.1087458745874585,1.0,2024-03-22,Jigsaw Nationals 2024 Prelim C
517,jamie lim,1.1093586017059816,13.0,2025-02-08,Speed Puzzling # 292
518,rose loetterle,1.109748224661072,1.0,2024-07-13,#215 2024 NW Regional Championship
519,isabel kiefer,1.110719184793259,1.0,2026-01-01,Unknown Latest Event
520,moira dukes,1.1119148081173398,1.0,2024-03-22,Jigsaw Nationals 2024 Prelim A
521,rachel wood,1.1121214783537408,2.0,2024-04-20,#190 2024 CO Championship
522,wendy weigant,1.113467746459073,10.0,2025-02-08,Speed Puzzling # 292
523,samantha dahlke,1.1148904787637477,2.0,2024-09-19,WJPC 2024 First Round D
524,bonnie rightnour,1.1164658634538152,1.0,2026-01-01,Unknown Latest Event
525,brooke vlasich,1.118119536971415,1.0,2026-01-01,Unknown Latest Event
526,jennifer lam,1.1182098471524764,2.0,2026-01-01,Unknown Latest Event
527,megan royden,1.1183625907781813,5.0,2026-01-01,Unknown Latest Event
528,marissa salvato,1.1190837770984063,1.0,2026-01-01,Unknown Latest Event
529,lindsey poeth,1.1194595875799953,1.0,2025-01-10,PA2025 - Pennsylvania Speed Puzzling Championship
530,victoria mckinley,1.119757793227181,1.0,2024-06-21,#209 2024 OH Championship
531,jamie stewart,1.1203220191470844,1.0,2024-11-02,#259 2024 AZ Championship
532,jessica graber,1.1211172425812739,11.0,2025-02-08,Speed Puzzling # 292
533,debby kilgore,1.1215251214812927,2.0,2024-10-19,#256 Sanctioned Virtual
534,mary hansen,1.1218751782225218,5.0,2024-11-09,#264 Sanctioned Virtual
535,curt schieler,1.1230805575242144,1.0,2026-01-01,Unknown Latest Event
536,ashley willard,1.1234713598102297,10.0,2025-02-08,Speed Puzzling # 292
537,karen bell,1.12378619516549,9.0,2025-01-26,Saint Paul Winter Carnival Solo
538,jenna goodrum,1.1256709820018944,1.0,2025-02-08,Speed Puzzling # 292
539,jessica gibson,1.1259269116581891,4.0,2024-10-19,#256 Sanctioned Virtual
540,micaela pozo castro,1.126605369730107,3.0,2025-01-10,PA2025 - Pennsylvania Speed Puzzling Championship
541,aracely lopez,1.1293952180028128,1.0,2024-03-22,Jigsaw Nationals 2024 Prelim A
542,melissa mason,1.131061112924373,2.0,2024-09-14,#239 Sanctioned Virtual
543,jessica stewart,1.1315192198985762,8.0,2025-02-08,Speed Puzzling # 292
544,stacie bartholow,1.1322081575246132,1.0,2024-03-22,Jigsaw Nationals 2024 Prelim A
545,lachlan davidson,1.132404509989695,1.0,2026-01-01,Unknown Latest Event
546,tracey wehking,1.1331341599588791,9.0,2024-11-09,#264 Sanctioned Virtual
547,stefanie haney,1.1347904022502073,3.0,2026-01-01,Unknown Latest Event
548,nicholas ebelhack,1.1349610081794879,2.0,2024-03-22,Jigsaw Nationals 2024 Prelim A
549,kristin squire,1.13517600357351,5.0,2024-08-30,#231 2024 NY Championship
550,jen hsieh,1.136237597786927,2.0,2024-11-16,#265 2024 CA Championship
551,emily knauer,1.136696694297797,2.0,2024-07-13,#215 2024 NW Regional Championship
552,kelley brown,1.1375313873563488,2.0,2025-01-04,Speed Puzzling # 278
553,elena oberg,1.1389099204202624,4.0,2025-02-08,Speed Puzzling # 292
554,juli logsdon,1.1404612288873768,8.0,2025-02-08,Speed Puzzling # 292
555,tulsi mali,1.140841344215115,3.0,2024-08-10,#223 2024 NE Regional Championship
556,jymmi franzman,1.14117922264434,4.0,2024-07-06,#214 Sanctioned Virtual
557,michelle philo,1.1413854001052361,13.0,2025-02-08,Speed Puzzling # 292
558,laura mcdiarmid,1.1418773270625122,1.0,2026-01-01,Unknown Latest Event
559,tiffini upchurch,1.141922290388548,1.0,2026-01-01,Unknown Latest Event
560,rachel falk,1.1424042791501785,7.0,2024-08-30,#231 2024 NY Championship
561,angela ott,1.1435146204280557,5.0,2025-01-04,Speed Puzzling # 278
562,karla kraiss,1.1448663853727143,1.0,2024-03-22,Jigsaw Nationals 2024 Prelim A
563,sakara perry,1.145514354701421,3.0,2024-03-22,Jigsaw Nationals 2024 Prelim A
564,rachael schachtler,1.145712068296469,1.0,2024-11-16,#265 2024 CA Championship
565,sarah bald,1.1459965187119234,1.0,2024-11-02,#259 2024 AZ Championship
566,jennifer mccarthy,1.1469954979212167,12.0,2025-02-08,Speed Puzzling # 292
567,melanie armstrong,1.1473102061337355,1.0,2026-01-01,Unknown Latest Event
568,megan barwegen,1.1474131821403257,1.0,2026-01-01,Unknown Latest Event
569,emily hohman,1.1483037554397484,2.0,2024-08-30,#232 2024 PA Championship
570,ezekiel blain,1.148431096032949,2.0,2024-08-10,#223 2024 NE Regional Championship
571,puja wheeldon,1.1498226950354609,1.0,2024-11-09,#264 Sanctioned Virtual
572,kathy robbins,1.1508996908881701,2.0,2025-01-10,FL2025 - Florida Speed Puzzling Championship
573,melinda reed,1.1509006578271148,2.0,2025-01-10,IL2025 - Illinois Speed Puzzling Championship
574,megan chung,1.1523746701846966,1.0,2024-09-07,#234 2024 UT Championship
575,megan brannberg,1.1530410742496051,1.0,2026-01-01,Unknown Latest Event
576,nicole dominguez,1.1531238608725778,7.0,2025-02-08,Speed Puzzling # 292
577,bella luiken,1.1534391534391535,1.0,2026-01-01,Unknown Latest Event
578,donna pierzina,1.15651999196303,1.0,2024-03-22,Jigsaw Nationals 2024 Prelim A
579,elizabeth hickson,1.1571227647177014,1.0,2024-03-22,Jigsaw Nationals 2024 Prelim A
580,becky rogers,1.1571347678369195,1.0,2026-01-01,Unknown Latest Event
581,daniela delaurentis,1.1573984991341157,1.0,2025-01-04,Speed Puzzling # 278
582,audrey talish,1.1592560152506568,1.0,2026-01-01,Unknown Latest Event
583,casey long,1.159707523571291,1.0,2025-01-04,Speed Puzzling # 278
584,kristen born,1.160846221617179,2.0,2024-03-22,Jigsaw Nationals 2024 Prelim B
585,tracey robinson,1.1612846559692769,2.0,2026-01-01,Unknown Latest Event
586,joni sliger,1.1615875265768958,1.0,2026-01-01,Unknown Latest Event
587,beth luebbe,1.163629773191035,3.0,2024-06-21,#209 2024 OH Championship
588,su ahn,1.1651908870896617,2.0,2024-09-18,WJPC 2024 First Round B
589,mindy mccoy,1.165382841677525,2.0,2025-01-26,Saint Paul Winter Carnival Solo
590,katie everson,1.1664238894821959,8.0,2025-01-26,Saint Paul Winter Carnival Solo
591,laura ghantous,1.1666206365971372,2.0,2026-01-01,Unknown Latest Event
592,deanna omara,1.1666717233611807,16.0,2025-02-08,Speed Puzzling # 292
593,nicole norstrud,1.1667020789293008,4.0,2025-02-01,TX2025 - Texas Speed Puzzling Championship
594,mary ellenberger,1.167506551098569,1.0,2025-01-26,Saint Paul Winter Carnival Solo
595,erin bahr,1.1698816424250733,4.0,2026-01-01,Unknown Latest Event
596,michele dorfman,1.1729211087420042,1.0,2025-02-01,TX2025 - Texas Speed Puzzling Championship
597,fiona deacutis,1.1732811840124582,2.0,2026-01-01,Unknown Latest Event
598,jill gregerson,1.1744178588863279,9.0,2025-02-08,Speed Puzzling # 292
599,jiamei qian,1.1746216530849825,1.0,2024-11-16,#265 2024 CA Championship
600,vivien yip,1.1748606001398452,2.0,2024-07-06,#214 Sanctioned Virtual
601,kim hacker,1.1749174917491751,1.0,2024-03-22,Jigsaw Nationals 2024 Prelim C
602,aly anderson,1.1756458715103895,2.0,2026-01-01,Unknown Latest Event
603,ziyi li,1.1768988408166718,2.0,2025-02-01,TX2025 - Texas Speed Puzzling Championship
604,sarah schlosser,1.177552707730467,1.0,2024-09-14,#239 Sanctioned Virtual
605,kristina key,1.1777395353499176,2.0,2026-01-01,Unknown Latest Event
606,colleen campbell,1.1780659821666988,1.0,2026-01-01,Unknown Latest Event
607,anna kogut,1.1784964300713985,1.0,2026-01-01,Unknown Latest Event
608,jerica gibson,1.1794387479762547,2.0,2026-01-01,Unknown Latest Event
609,taylor luse,1.1804434620045854,1.0,2026-01-01,Unknown Latest Event
610,michelle woods,1.1817545496966868,1.0,2024-08-30,#231 2024 NY Championship
611,marissa belau,1.1818980260144043,5.0,2024-11-16,#265 2024 CA Championship
612,julie madsen,1.1825521417358151,1.0,2024-06-21,#209 2024 OH Championship
613,matthew woodruff,1.1830377444292863,1.0,2024-10-18,#252 2024 IN Championship
614,dana saunders,1.1832057132997709,2.0,2024-09-27,#240 2024 VA Championship
615,mat murillo,1.1835336281354873,1.0,2026-01-01,Unknown Latest Event
616,sami heathcote,1.1837746724750273,2.0,2026-01-01,Unknown Latest Event
617,samantha singer,1.1866604909680407,1.0,2026-01-01,Unknown Latest Event
618,evan hernandez,1.1867064388300008,2.0,2024-11-02,#259 2024 AZ Championship
619,jen mackan,1.1875367430922987,1.0,2026-01-01,Unknown Latest Event
620,sarah mackey,1.1899653212065773,3.0,2024-08-10,#223 2024 NE Regional Championship
621,anne brown,1.1905946443460325,2.0,2024-07-13,#215 2024 NW Regional Championship
622,marjorie no last name,1.1906562137940164,7.0,2025-02-08,Speed Puzzling # 292
623,vany nguyen,1.1929019681998843,1.0,2026-01-01,Unknown Latest Event
624,amanda laurent,1.1935232149824424,1.0,2024-05-04,#195 2024 DC Championship
625,laura berkholtz,1.1947531685939292,6.0,2025-01-26,Saint Paul Winter Carnival Solo
626,tam nguyen,1.1956691377292237,1.0,2024-05-04,#195 2024 DC Championship
627,alisandra jezek,1.1958523656730748,8.0,2024-11-09,#264 Sanctioned Virtual
628,kara bancroft,1.1961394691753098,7.0,2025-02-08,Speed Puzzling # 292
629,tia rider,1.1967405643332012,2.0,2024-09-14,#239 Sanctioned Virtual
630,ellen branstiter,1.1969510695844605,1.0,2024-05-11,#200 Sanctioned Virtual
631,joey marshall,1.197756869215962,6.0,2024-11-09,#264 Sanctioned Virtual
632,danielle woodward,1.1996489989712111,4.0,2026-01-01,Unknown Latest Event
633,timothy bodway,1.2003628300745817,1.0,2025-01-26,Saint Paul Winter Carnival Solo
634,gwen degroff,1.2008547008547008,1.0,2026-01-01,Unknown Latest Event
635,kacey meaker,1.2014334638278623,3.0,2025-01-04,Speed Puzzling # 278
636,leah nagely robbins,1.2020093156657112,2.0,2024-09-19,WJPC 2024 First Round F
637,tricia marotz,1.2031073974262074,11.0,2025-02-08,Speed Puzzling # 292
638,erica foskitt,1.2041261654433644,1.0,2026-01-01,Unknown Latest Event
639,meg craig,1.2044851024895484,2.0,2024-03-22,Jigsaw Nationals 2024 Prelim A
640,samantha nuttertopel,1.2044984888818113,9.0,2025-02-08,Speed Puzzling # 292
641,emilee frost,1.2048882039497706,4.0,2024-09-19,WJPC 2024 First Round F
642,barbara stekas,1.2057642334042051,1.0,2026-01-01,Unknown Latest Event
643,robert willis,1.2066098081023453,1.0,2025-02-01,TX2025 - Texas Speed Puzzling Championship
644,june huber,1.2085411765908767,4.0,2026-01-01,Unknown Latest Event
645,jennifer mcginnis,1.2087420042643924,1.0,2025-02-01,TX2025 - Texas Speed Puzzling Championship
646,stephanie klenzing,1.2094092487205375,5.0,2025-02-08,Speed Puzzling # 292
647,hannah bevis,1.210546109187229,6.0,2024-08-03,#220 2024 MA Championship
648,nicole kunkler,1.2124716613655961,2.0,2024-09-19,WJPC 2024 First Round F
649,caleigh shaw,1.2129789454258817,5.0,2025-02-01,TX2025 - Texas Speed Puzzling Championship
650,ameenah saafir,1.2146186826394638,20.0,2025-02-08,Speed Puzzling # 292
651,mary obelnicki,1.2171129220023282,1.0,2024-11-16,#265 2024 CA Championship
652,sarah grimm,1.2175937188195478,5.0,2025-01-10,PA2025 - Pennsylvania Speed Puzzling Championship
653,shannon anderson,1.2177383718461052,3.0,2024-09-27,#240 2024 VA Championship
654,susi windeler,1.21802119013636,2.0,2024-04-20,#190 2024 CO Championship
655,debbie dyson,1.2181205927836531,5.0,2024-09-19,WJPC 2024 First Round E
656,daniela spano,1.2187563649035134,8.0,2025-02-08,Speed Puzzling # 292
657,grant christensen,1.2210685293562393,1.0,2024-09-27,#241 2024 FL Championship
658,laura miller,1.221643649535884,1.0,2024-10-04,#246 2024 NC Championship
659,lisa helms,1.2217236864690584,4.0,2024-08-03,#220 2024 MA Championship
660,andrea a ventura,1.2223444566678892,1.0,2024-03-22,Jigsaw Nationals 2024 Prelim C
661,juliane cassidy,1.2229428027732032,3.0,2025-02-08,Speed Puzzling # 292
662,bree cowan,1.2251019640228757,4.0,2025-01-04,Speed Puzzling # 278
663,michaela yaman,1.2274101308199974,4.0,2024-11-16,#265 2024 CA Championship
664,shawn ballard,1.2277344672808883,1.0,2026-01-01,Unknown Latest Event
665,danielle walkup,1.2283582089552239,1.0,2025-02-01,TX2025 - Texas Speed Puzzling Championship
666,melvina lee,1.229336437718277,1.0,2024-11-16,#265 2024 CA Championship
667,gentian falstrom,1.229810130989983,2.0,2024-08-30,#231 2024 NY Championship
668,stephanie ho,1.229944356379275,2.0,2024-11-16,#265 2024 CA Championship
669,dwight bell,1.2315072569815888,2.0,2024-08-03,#220 2024 MA Championship
670,emily herzig,1.231556503198294,1.0,2025-02-01,TX2025 - Texas Speed Puzzling Championship
671,jennifer lawton,1.2318840579710144,1.0,2024-08-03,#220 2024 MA Championship
672,adrienne cardiel,1.2319547906498844,1.0,2024-03-09,#184 Sanctioned Virtual
673,debra svendson,1.232292283958699,4.0,2025-02-08,Speed Puzzling # 292
674,amy clark,1.2333036509349955,1.0,2024-07-06,#214 Sanctioned Virtual
675,richard jameson,1.237496952631546,3.0,2025-02-08,Speed Puzzling # 292
676,melissa ryburn,1.2375209478895126,3.0,2024-09-27,#240 2024 VA Championship
677,lisa weaver,1.2380835706786888,5.0,2024-09-27,#242 2024 WI Championship
678,katherine van leuven,1.2382170014818872,5.0,2024-10-19,#256 Sanctioned Virtual
679,Gabrielle Melli,1.2387257345596265,1.0,2026-01-01,Unknown Latest Event
680,alicia gould,1.2405459112161816,5.0,2026-01-01,Unknown Latest Event
681,samantha bailye,1.242234910965846,6.0,2024-10-19,#256 Sanctioned Virtual
682,michelle parsons,1.242855218075098,4.0,2024-06-21,#209 2024 OH Championship
683,elessa freelingos,1.2439077458659704,1.0,2024-11-02,#259 2024 AZ Championship
684,victoria pham,1.2459704251786299,5.0,2024-11-16,#265 2024 CA Championship
685,carol meyer,1.247547974413646,1.0,2025-02-01,TX2025 - Texas Speed Puzzling Championship
686,shannon richmond,1.2505827607545075,5.0,2025-01-26,Saint Paul Winter Carnival Solo
687,becky gutierrez,1.251758087201125,1.0,2024-03-22,Jigsaw Nationals 2024 Prelim A
688,sanger safarian,1.2519126443177075,1.0,2024-09-19,WJPC 2024 First Round F
689,peter jones,1.2526109108673393,1.0,2024-03-22,Jigsaw Nationals 2024 Prelim B
690,natalie vogel,1.2529731908889334,1.0,2025-01-26,Saint Paul Winter Carnival Solo
691,sarah misiakiewicz,1.2533803644914756,1.0,2026-01-01,Unknown Latest Event
692,olga brezo fernandez,1.254116864358197,5.0,2024-11-16,#265 2024 CA Championship
693,rachel shields,1.2554589491837875,11.0,2025-02-08,Speed Puzzling # 292
694,clare kay,1.2558606831882118,1.0,2026-01-01,Unknown Latest Event
695,dessa burt,1.255963898271541,3.0,2025-01-26,Saint Paul Winter Carnival Solo
696,betha maust,1.2567370115565828,4.0,2024-11-09,#264 Sanctioned Virtual
697,beth dechant,1.2567567567567568,1.0,2026-01-01,Unknown Latest Event
698,joe feehan,1.257159112166077,4.0,2025-02-08,Speed Puzzling # 292
699,teresa osterman,1.2584997301672962,1.0,2026-01-01,Unknown Latest Event
700,stephanie kelley,1.2589424783629406,2.0,2024-08-03,#220 2024 MA Championship
701,erin west,1.259381938974453,2.0,2025-01-10,FL2025 - Florida Speed Puzzling Championship
702,maya drucker,1.2607653281210718,3.0,2024-07-13,#215 2024 NW Regional Championship
703,marieclaire batau,1.2612726240776944,2.0,2024-03-22,Jigsaw Nationals 2024 Prelim C
704,jolene metty,1.262985707628993,5.0,2025-02-08,Speed Puzzling # 292
705,allyson longo,1.263360915936615,3.0,2024-11-16,#265 2024 CA Championship
706,megan deleon,1.265666372462489,1.0,2024-06-01,#205 Sanctioned Virtual
707,paula marquesroberts,1.266594711279007,1.0,2026-01-01,Unknown Latest Event
708,lulu zhong,1.2680558411111165,2.0,2026-01-01,Unknown Latest Event
709,ted desmaisons,1.268199352076603,3.0,2024-11-16,#265 2024 CA Championship
710,olivia wasdin,1.2690210950462195,1.0,2025-01-10,PA2025 - Pennsylvania Speed Puzzling Championship
711,jennie rohe,1.2692103635473793,2.0,2025-01-26,Saint Paul Winter Carnival Solo
712,linnzi marks,1.2697191363738283,2.0,2024-09-27,#241 2024 FL Championship
713,jennifer cartee,1.2699714773813378,1.0,2026-01-01,Unknown Latest Event
714,emily doroff,1.270106833299738,1.0,2025-01-26,Saint Paul Winter Carnival Solo
715,sophia hubbard,1.2712130119537526,1.0,2026-01-01,Unknown Latest Event
716,karen gregory,1.2719291079403403,4.0,2024-11-09,#264 Sanctioned Virtual
717,jennifer berumen,1.2721331196074925,2.0,2024-09-18,WJPC 2024 First Round C
718,leah wilson,1.2733475479744134,1.0,2025-02-01,TX2025 - Texas Speed Puzzling Championship
719,sarah swihart,1.2750504371217215,1.0,2024-08-10,#223 2024 NE Regional Championship
720,saffron voskaya,1.2750533049040513,1.0,2025-02-01,TX2025 - Texas Speed Puzzling Championship
721,alison larsson,1.2754465246395523,1.0,2024-07-13,#215 2024 NW Regional Championship
722,luann thompson,1.275536554046036,3.0,2025-02-01,TX2025 - Texas Speed Puzzling Championship
723,melissa freeman,1.2811408614668218,1.0,2024-11-16,#265 2024 CA Championship
724,cecilia frew,1.2849904833463275,4.0,2024-10-18,#253 2024 MO Championship
725,sasha laczkowski,1.2883096366508688,1.0,2026-01-01,Unknown Latest Event
726,zo thorkildsen,1.2905364677516575,1.0,2024-03-22,Jigsaw Nationals 2024 Prelim A
727,mallory roy,1.2908694150214992,3.0,2024-09-14,#239 Sanctioned Virtual
728,rachel didonna,1.2915073421985248,9.0,2025-02-08,Speed Puzzling # 292
729,faye alleman,1.291756686894991,3.0,2024-04-20,#190 2024 CO Championship
730,bronwyn seal,1.2947338618346547,1.0,2026-01-01,Unknown Latest Event
731,michelle gonzalez,1.2965696608461896,1.0,2026-01-01,Unknown Latest Event
732,jessica goldsby,1.2980948654939342,1.0,2024-04-20,#190 2024 CO Championship
733,erin peach,1.2980993017843292,1.0,2026-01-01,Unknown Latest Event
734,pattie mathieu,1.298862074798829,4.0,2024-10-18,#252 2024 IN Championship
735,jennifer ovanek,1.3012736056214318,2.0,2024-10-19,#256 Sanctioned Virtual
736,patty horn,1.3015521064301552,1.0,2025-01-26,Saint Paul Winter Carnival Solo
737,erin manthey,1.30438152825191,5.0,2025-01-26,Saint Paul Winter Carnival Solo
738,leila beikmohamadi,1.3050113836480453,3.0,2024-09-14,#239 Sanctioned Virtual
739,john walczak,1.3056293515749813,3.0,2024-03-22,Jigsaw Nationals 2024 Prelim B
740,leesa webster,1.306900393689698,2.0,2026-01-01,Unknown Latest Event
741,abby lenhart,1.308806353655688,1.0,2024-08-30,#232 2024 PA Championship
742,lisa benson,1.310463321587699,1.0,2026-01-01,Unknown Latest Event
743,hannah wagner,1.3108622414870423,1.0,2024-09-19,WJPC 2024 First Round E
744,laurie burlingame,1.3109246460961215,4.0,2024-08-10,#223 2024 NE Regional Championship
745,ryan wilkins,1.3138430395515415,1.0,2024-09-19,WJPC 2024 First Round D
746,ellie daw,1.3143478260869563,1.0,2025-01-10,IL2025 - Illinois Speed Puzzling Championship
747,allison treacy,1.3145907862978987,6.0,2025-01-04,Speed Puzzling # 278
748,amanda collman,1.3170589909152453,5.0,2025-02-08,Speed Puzzling # 292
749,mollie tessler,1.31931655547623,5.0,2024-08-10,#223 2024 NE Regional Championship
750,kabao lor,1.3217173755127085,3.0,2024-09-27,#242 2024 WI Championship
751,christopher morrissey,1.3245393361630486,10.0,2025-02-08,Speed Puzzling # 292
752,bridget flatley,1.3250429457806634,4.0,2024-06-21,#209 2024 OH Championship
753,karen brownlow,1.3257072172103377,3.0,2024-03-22,Jigsaw Nationals 2024 Prelim B
754,siyu wu,1.326198969480777,1.0,2026-01-01,Unknown Latest Event
755,jennifer waltman,1.3299111549851923,1.0,2026-01-01,Unknown Latest Event
756,heather haynesobrien,1.330409757122056,4.0,2024-11-02,#259 2024 AZ Championship
757,kasaundra olsen,1.3315142900945327,11.0,2025-02-08,Speed Puzzling # 292
758,karin reece,1.3324282389449185,1.0,2026-01-01,Unknown Latest Event
759,alison mocko,1.3333333333333333,1.0,2026-01-01,Unknown Latest Event
760,sarah daniel,1.3351812366737739,1.0,2025-02-01,TX2025 - Texas Speed Puzzling Championship
761,pasquel hansen,1.3353658678541156,2.0,2024-09-07,#234 2024 UT Championship
762,lori shah,1.3357004519044544,1.0,2024-07-13,#215 2024 NW Regional Championship
763,cory mainwaring,1.337023352338487,4.0,2024-06-21,#209 2024 OH Championship
764,sheryl hersch,1.3403829029385574,1.0,2024-07-06,#214 Sanctioned Virtual
765,julie orcino,1.3425031499370013,1.0,2026-01-01,Unknown Latest Event
766,natalie hinkley,1.3438409725071683,8.0,2025-02-08,Speed Puzzling # 292
767,cindy lindberg,1.3448700368587496,6.0,2024-10-19,#256 Sanctioned Virtual
768,jessica varner,1.3475479744136458,1.0,2025-02-01,TX2025 - Texas Speed Puzzling Championship
769,sarah rundell,1.3489791895390058,2.0,2024-09-14,#239 Sanctioned Virtual
770,lisa schuler,1.351308450680446,3.0,2024-10-12,#248 2024 MN Championship
771,grace barrios,1.3527928626842514,1.0,2026-01-01,Unknown Latest Event
772,todd ohara,1.3536222932567552,1.0,2026-01-01,Unknown Latest Event
773,michaela owen,1.3539250286580797,1.0,2024-03-22,Jigsaw Nationals 2024 Prelim B
774,elise cabori,1.3550106609808101,1.0,2025-02-01,TX2025 - Texas Speed Puzzling Championship
775,nailun chen,1.3563385076669638,2.0,2024-03-22,Jigsaw Nationals 2024 Prelim A
776,ian morris,1.3611173687767517,1.0,2025-01-10,FL2025 - Florida Speed Puzzling Championship
777,tanya vattanasil,1.3612722418638095,10.0,2024-10-19,#256 Sanctioned Virtual
778,lauren mecca,1.3613799424775905,11.0,2025-02-08,Speed Puzzling # 292
779,mylea coulombequach,1.3617766444209523,1.0,2026-01-01,Unknown Latest Event
780,ellen leader,1.3629419999656704,7.0,2025-02-08,Speed Puzzling # 292
781,gabrielle melli,1.365235343819352,1.0,2026-01-01,Unknown Latest Event
782,kimberly holtman,1.3657687403923142,2.0,2024-10-18,#252 2024 IN Championship
783,danni michele,1.3668326017310657,2.0,2024-03-22,Jigsaw Nationals 2024 Prelim B
784,anne marie barrette,1.3684714296139426,3.0,2024-11-16,#265 2024 CA Championship
785,melissa crone,1.3719616765371687,1.0,2024-03-22,Jigsaw Nationals 2024 Prelim C
786,sena cooper,1.3762260986841066,2.0,2024-04-20,#190 2024 CO Championship
787,mary ann alwan,1.3764295494972265,2.0,2024-03-22,Jigsaw Nationals 2024 Prelim B
788,amber moreau,1.3770685579196218,1.0,2024-11-09,#264 Sanctioned Virtual
789,arlyn purcell,1.3771780174396615,10.0,2025-02-08,Speed Puzzling # 292
790,dylane wineland,1.3773406020383978,1.0,2025-01-10,PA2025 - Pennsylvania Speed Puzzling Championship
791,vanessa bedford,1.377559630155852,1.0,2024-03-22,Jigsaw Nationals 2024 Prelim B
792,nicole kennedy,1.382462288220858,1.0,2026-01-01,Unknown Latest Event
793,stefanie izumizaki,1.383779588668995,1.0,2024-11-16,#265 2024 CA Championship
794,jessica meyer,1.3838404339723598,1.0,2024-09-07,#234 2024 UT Championship
795,frank lieu,1.3866206514035684,1.0,2026-01-01,Unknown Latest Event
796,tanya smith,1.3868371688797847,1.0,2026-01-01,Unknown Latest Event
797,katherine johnson,1.387820512820513,2.0,2024-10-12,#248 2024 MN Championship
798,christine pykosh,1.3888777057783646,5.0,2025-02-08,Speed Puzzling # 292
799,amelia guzman,1.389225443530939,1.0,2024-10-04,#247 2024 OR Championship
800,marie mogni,1.391979263011584,3.0,2026-01-01,Unknown Latest Event
801,janet li,1.3930666352479273,2.0,2024-11-02,#259 2024 AZ Championship
802,nicki holcomb,1.3933215130023642,1.0,2024-11-09,#264 Sanctioned Virtual
803,rafael espinoza,1.3941128372853635,1.0,2024-09-18,WJPC 2024 First Round A
804,charity taboas,1.3989775051124744,1.0,2026-01-01,Unknown Latest Event
805,bethany wyatt,1.399236487844083,1.0,2024-03-22,Jigsaw Nationals 2024 Prelim A
806,juliana echeverri,1.4017808958445763,1.0,2026-01-01,Unknown Latest Event
807,inge werts,1.4035540025442095,2.0,2024-11-09,#264 Sanctioned Virtual
808,jordan halperin,1.403691300736486,2.0,2026-01-01,Unknown Latest Event
809,ann glezen,1.4048658130330622,4.0,2025-01-10,FL2025 - Florida Speed Puzzling Championship
810,lauren luckiemerz,1.405437352245863,1.0,2024-11-09,#264 Sanctioned Virtual
811,caleb pieplow,1.41116260983549,1.0,2026-01-01,Unknown Latest Event
812,jamie harman,1.4131063753482864,6.0,2025-02-08,Speed Puzzling # 292
813,adam wills,1.4166048236554571,3.0,2024-09-14,#239 Sanctioned Virtual
814,rebeca ferreira,1.4170214034876647,7.0,2025-01-10,IL2025 - Illinois Speed Puzzling Championship
815,johannah barhorst,1.4186434488777648,2.0,2024-06-21,#209 2024 OH Championship
816,wendi dietrich,1.4248145661669764,3.0,2024-07-06,#214 Sanctioned Virtual
817,kelsey smith,1.4252548131370328,1.0,2026-01-01,Unknown Latest Event
818,karen may,1.4264338973458017,5.0,2024-08-30,#231 2024 NY Championship
819,katie graham,1.42742329564461,10.0,2025-02-08,Speed Puzzling # 292
820,jeff amey,1.4289767177086041,3.0,2025-01-26,Saint Paul Winter Carnival Solo
821,anika bruno,1.430727360594165,1.0,2026-01-01,Unknown Latest Event
822,tami ohara,1.4312859285041033,2.0,2025-01-26,Saint Paul Winter Carnival Solo
823,susan adams,1.4326424001603715,2.0,2026-01-01,Unknown Latest Event
824,rachel gaskin,1.4342641201634745,4.0,2025-02-01,TX2025 - Texas Speed Puzzling Championship
825,emily english,1.4352693522150992,1.0,2026-01-01,Unknown Latest Event
826,natalie cole,1.4357947540936054,2.0,2024-11-09,#264 Sanctioned Virtual
827,sara mainwaring,1.4362678127823583,5.0,2024-11-09,#264 Sanctioned Virtual
828,rebecca crompton,1.436688889836804,4.0,2025-02-08,Speed Puzzling # 292
829,catherine huang,1.437372080044307,4.0,2025-01-10,PA2025 - Pennsylvania Speed Puzzling Championship
830,brittany nixon,1.4377087079373234,1.0,2024-03-09,#184 Sanctioned Virtual
831,colleen carrigan,1.4389161410885307,1.0,2024-08-30,#232 2024 PA Championship
832,deedee row,1.43958753642681,1.0,2024-08-10,#223 2024 NE Regional Championship
833,heather schrager,1.445008990495709,6.0,2025-02-08,Speed Puzzling # 292
834,maria jasso,1.4491281219401402,2.0,2024-09-14,#239 Sanctioned Virtual
835,taylor stehlik,1.4495659363373294,1.0,2024-09-14,#239 Sanctioned Virtual
836,stephanie vargas,1.449905382087612,14.0,2025-01-04,Speed Puzzling # 278
837,elizabeth butler,1.4529510242497525,1.0,2026-01-01,Unknown Latest Event
838,austin hope,1.4546597883180736,4.0,2024-09-27,#240 2024 VA Championship
839,lovesong cahill,1.4559486557010366,1.0,2026-01-01,Unknown Latest Event
840,lauren guida,1.4588772845953002,1.0,2024-11-02,#259 2024 AZ Championship
841,kristin de guzman,1.4629486923656598,2.0,2026-01-01,Unknown Latest Event
842,suzan ekim,1.4630244942811996,1.0,2025-01-26,Saint Paul Winter Carnival Solo
843,jay ritch,1.4678891102199878,1.0,2026-01-01,Unknown Latest Event
844,ermelinda kraft,1.4697516683137741,2.0,2025-02-01,TX2025 - Texas Speed Puzzling Championship
845,kimberley walker,1.4704981312419583,1.0,2024-11-16,#265 2024 CA Championship
846,kayla arritola,1.471797884841363,1.0,2026-01-01,Unknown Latest Event
847,zoe petitt,1.4726705079731472,1.0,2026-01-01,Unknown Latest Event
848,joanna otten,1.4736963686804114,3.0,2024-09-27,#242 2024 WI Championship
849,kathy jansen,1.4761857064188746,4.0,2025-02-08,Speed Puzzling # 292
850,margo butsch,1.4777597162701344,1.0,2024-03-22,Jigsaw Nationals 2024 Prelim C
851,deanna chorzempa,1.4781964237941332,2.0,2025-01-26,Saint Paul Winter Carnival Solo
852,stephanie zimmerman,1.4812880765883374,1.0,2024-11-02,#259 2024 AZ Championship
853,sonja cames,1.4839293240224158,4.0,2025-02-08,Speed Puzzling # 292
854,emily landgraf,1.4846378974383572,2.0,2025-01-10,IL2025 - Illinois Speed Puzzling Championship
855,adele tiffith,1.4854983967570254,2.0,2024-11-16,#265 2024 CA Championship
856,melissa churchill,1.4872394852168396,1.0,2026-01-01,Unknown Latest Event
857,andrew dunkman,1.488291886578113,2.0,2026-01-01,Unknown Latest Event
858,mary holmes,1.4924927614101076,1.0,2024-11-16,#265 2024 CA Championship
859,melissa wen,1.4948670088660756,1.0,2024-08-30,#231 2024 NY Championship
860,jane davis,1.4954573128357713,3.0,2024-08-03,#220 2024 MA Championship
861,jessica cutshall,1.497073687288193,2.0,2026-01-01,Unknown Latest Event
862,deborah warick,1.4997637872035152,1.0,2026-01-01,Unknown Latest Event
863,glenn hollingsworth,1.5025574176622098,4.0,2025-02-08,Speed Puzzling # 292
864,laura mannes,1.5051809582901814,1.0,2024-03-22,Jigsaw Nationals 2024 Prelim B
865,karen floyd,1.5067304968306026,2.0,2024-04-20,#190 2024 CO Championship
866,elyssa morris,1.506931886678722,1.0,2024-03-22,Jigsaw Nationals 2024 Prelim A
867,zachary dell,1.507032819825854,1.0,2026-01-01,Unknown Latest Event
868,jason martin,1.5076999113693437,2.0,2025-01-10,IL2025 - Illinois Speed Puzzling Championship
869,larry blanck,1.5120730633704218,1.0,2026-01-01,Unknown Latest Event
870,michelle rockafellow,1.5141381853946398,1.0,2024-05-11,#200 Sanctioned Virtual
871,candace hernandez,1.515661905507,2.0,2024-06-01,#205 Sanctioned Virtual
872,frank hollander,1.5165363467770279,3.0,2024-09-19,WJPC 2024 First Round E
873,kim bottorff,1.5273981282018791,1.0,2026-01-01,Unknown Latest Event
874,kaite hu,1.528996025057117,2.0,2025-02-01,TX2025 - Texas Speed Puzzling Championship
875,lauren sanchez,1.5290585044556375,1.0,2024-10-18,#251 2024 MI Championship
876,lexi roberts,1.5297151827764073,1.0,2024-06-21,#209 2024 OH Championship
877,amy ellenberger,1.5309285847330696,1.0,2025-01-26,Saint Paul Winter Carnival Solo
878,andrew mcconvey,1.53230959918186,1.0,2026-01-01,Unknown Latest Event
879,james powers,1.5363921160178244,3.0,2024-11-16,#265 2024 CA Championship
880,emily reinwald,1.536977107579859,1.0,2026-01-01,Unknown Latest Event
881,barbara granger,1.5437934458788483,1.0,2024-09-27,#242 2024 WI Championship
882,nathalia garcia,1.5459786403951132,2.0,2026-01-01,Unknown Latest Event
883,lihan chen,1.5481686884602948,1.0,2026-01-01,Unknown Latest Event
884,denise bartlett,1.5488807400552174,1.0,2024-03-22,Jigsaw Nationals 2024 Prelim A
885,laura wiley,1.55055587428093,1.0,2025-01-26,Saint Paul Winter Carnival Solo
886,allyson haim,1.5526751975456259,2.0,2025-02-08,Speed Puzzling # 292
887,meiyong pelos,1.553642082294695,1.0,2026-01-01,Unknown Latest Event
888,deborah wilson,1.5560303563400582,2.0,2024-11-02,#259 2024 AZ Championship
889,mayra dube,1.5562033582089552,1.0,2026-01-01,Unknown Latest Event
890,jennie zumbusch,1.5643939306150734,1.0,2026-01-01,Unknown Latest Event
891,silvana procopio,1.5648765203753439,1.0,2024-03-22,Jigsaw Nationals 2024 Prelim B
892,tara mills,1.5654196267149008,8.0,2025-02-08,Speed Puzzling # 292
893,erica emmons,1.5665085012470144,3.0,2024-11-09,#264 Sanctioned Virtual
894,katie greenfield,1.568789161130531,13.0,2025-02-08,Speed Puzzling # 292
895,tracy hardy,1.570863072900436,2.0,2024-06-21,#209 2024 OH Championship
896,cindy grimleybeason,1.5714236113647226,11.0,2025-02-08,Speed Puzzling # 292
897,angela hall,1.5742761225346202,1.0,2024-08-30,#232 2024 IL Championship
898,brian stevenson,1.576275995418291,1.0,2026-01-01,Unknown Latest Event
899,cherie giannandrea,1.577711818672423,1.0,2026-01-01,Unknown Latest Event
900,kelly cooper,1.5788254941723796,1.0,2026-01-01,Unknown Latest Event
901,jessica scheideler,1.5799452285654099,1.0,2024-03-22,Jigsaw Nationals 2024 Prelim C
902,jessica vitak,1.5887380593262943,1.0,2026-01-01,Unknown Latest Event
903,jose salinas,1.5929249864641115,6.0,2025-01-10,FL2025 - Florida Speed Puzzling Championship
904,claire kennedy,1.5936019831491346,1.0,2026-01-01,Unknown Latest Event
905,lawren didonna,1.593989453451088,2.0,2024-08-03,#220 2024 MA Championship
906,cristina wood,1.594099705622921,1.0,2026-01-01,Unknown Latest Event
907,heather harris,1.5988210701996002,11.0,2025-02-08,Speed Puzzling # 292
908,marina maskaykina,1.6012666683147772,2.0,2024-11-02,#259 2024 AZ Championship
909,amy carr,1.6064579205135308,2.0,2026-01-01,Unknown Latest Event
910,melanie bietz,1.6096664671150318,2.0,2024-11-16,#265 2024 CA Championship
911,jennifer vandeleest,1.6119485110559646,3.0,2025-01-26,Saint Paul Winter Carnival Solo
912,rebecca schoenecker,1.6132157195447334,2.0,2025-01-26,Saint Paul Winter Carnival Solo
913,andrea nixon,1.6152321630804076,1.0,2026-01-01,Unknown Latest Event
914,elizabeth crow,1.6162438910868047,1.0,2026-01-01,Unknown Latest Event
915,mara wallace,1.6195745934309724,3.0,2024-08-30,#231 2024 NY Championship
916,caitlin lowry,1.6204653976622083,1.0,2026-01-01,Unknown Latest Event
917,erica hazra,1.6247100343896954,1.0,2024-03-22,Jigsaw Nationals 2024 Prelim B
918,maurice werner,1.626294409884015,1.0,2026-01-01,Unknown Latest Event
919,peggy brown,1.627039528141761,2.0,2026-01-01,Unknown Latest Event
920,lizabeth stanley,1.6289353251317549,2.0,2025-01-26,Saint Paul Winter Carnival Solo
921,catherine luers,1.6313184134159628,1.0,2026-01-01,Unknown Latest Event
922,jessica crosby,1.6368288084839042,6.0,2025-01-04,Speed Puzzling # 278
923,alison hansel,1.6438626388378987,1.0,2026-01-01,Unknown Latest Event
924,lucy wang,1.6440358034463862,1.0,2026-01-01,Unknown Latest Event
925,kasey petro,1.6524494809472574,1.0,2026-01-01,Unknown Latest Event
926,love them,1.6524752702485601,1.0,2024-05-04,#195 2024 DC Championship
927,jennifer hardman,1.652596424267837,2.0,2024-10-04,#247 2024 OR Championship
928,monica shin,1.6595068963622217,2.0,2024-03-22,Jigsaw Nationals 2024 Prelim C
929,lorelei crerar,1.6679316888045541,1.0,2024-09-27,#240 2024 VA Championship
930,danielle swales,1.6683020145673657,1.0,2026-01-01,Unknown Latest Event
931,tracy hiller,1.6715443258731382,1.0,2024-06-21,#209 2024 OH Championship
932,jason fox,1.6782699487007067,2.0,2024-11-16,#265 2024 CA Championship
933,kristin ramsay,1.6790857449246024,3.0,2024-07-13,#215 2024 NW Regional Championship
934,laresa meadows,1.683166611847374,2.0,2026-01-01,Unknown Latest Event
935,dawn marie bey,1.6855405591000463,1.0,2026-01-01,Unknown Latest Event
936,amanda mcdermott,1.6874711847595179,2.0,2026-01-01,Unknown Latest Event
937,melissa steinhauer,1.6932922493481866,1.0,2025-01-10,PA2025 - Pennsylvania Speed Puzzling Championship
938,sara wilson,1.6986067649845429,1.0,2026-01-01,Unknown Latest Event
939,danielle dudley,1.7047972996010772,1.0,2026-01-01,Unknown Latest Event
940,kate amey,1.7148075613603733,6.0,2025-02-08,Speed Puzzling # 292
941,julie estabrook,1.716124212595178,2.0,2024-03-09,#184 Sanctioned Virtual
942,kristin desrosiers,1.718587530049255,2.0,2024-08-10,#223 2024 NE Regional Championship
943,linda andrews,1.7220774467039253,2.0,2024-05-04,#195 2024 DC Championship
944,mathieu gombault,1.7300442168955086,1.0,2026-01-01,Unknown Latest Event
945,kristyn calhounray,1.7321207110376189,1.0,2024-09-14,#239 Sanctioned Virtual
946,trina wilson,1.7362492675198402,1.0,2024-06-21,#209 2024 OH Championship
947,jonathan huang,1.7379986366366251,1.0,2026-01-01,Unknown Latest Event
948,judy chen,1.7390497831984606,1.0,2026-01-01,Unknown Latest Event
949,marietta sternke,1.7410826689047418,1.0,2024-08-30,#232 2024 IL Championship
950,barbara harris,1.7412304371289802,1.0,2026-01-01,Unknown Latest Event
951,tonia gebhart,1.7414806110458285,1.0,2026-01-01,Unknown Latest Event
952,linda andrews,1.7432335610194736,1.0,2026-01-01,Unknown Latest Event
953,marianne bruno,1.746339357395626,2.0,2026-01-01,Unknown Latest Event
954,rebecca simons,1.7512316996287387,1.0,2024-09-07,#234 2024 UT Championship
955,tony chou,1.7529621814640481,1.0,2026-01-01,Unknown Latest Event
956,diana stanley,1.7595106198163086,2.0,2026-01-01,Unknown Latest Event
957,aaron langston,1.7642644444258782,5.0,2025-02-08,Speed Puzzling # 292
958,sandra kopec,1.7651323521666675,2.0,2024-11-16,#265 2024 CA Championship
959,shara taylor,1.7657768850022495,4.0,2025-02-08,Speed Puzzling # 292
960,lorelei marquardt,1.768370113021707,2.0,2024-07-13,#215 2024 NW Regional Championship
961,pavitra chari,1.7697897648844632,4.0,2024-08-10,#223 2024 NE Regional Championship
962,rebecca calkin,1.7704563941508056,1.0,2026-01-01,Unknown Latest Event
963,shayla jones,1.771398612231456,3.0,2025-02-01,TX2025 - Texas Speed Puzzling Championship
964,deanna gelke,1.7727536625829314,1.0,2024-07-13,#215 2024 NW Regional Championship
965,betta whitehead,1.7729797880304161,1.0,2026-01-01,Unknown Latest Event
966,julie maccartee,1.7729797880304161,1.0,2026-01-01,Unknown Latest Event
967,connie mangilin,1.776071497697579,7.0,2024-11-02,#259 2024 AZ Championship
968,ieva razhas,1.7839621800017842,1.0,2024-03-22,Jigsaw Nationals 2024 Prelim C
969,amanda williams,1.7889224109737525,2.0,2024-11-09,#264 Sanctioned Virtual
970,julie satterfield,1.800402212166918,1.0,2026-01-01,Unknown Latest Event
971,maria castillo,1.8018234453266706,1.0,2026-01-01,Unknown Latest Event
972,susie peat,1.8113462671083602,2.0,2024-03-22,Jigsaw Nationals 2024 Prelim C
973,ever capps,1.8130753877232735,2.0,2025-01-10,PA2025 - Pennsylvania Speed Puzzling Championship
974,dianne howard,1.8216042261218044,1.0,2024-11-02,#259 2024 AZ Championship
975,jeanette ward,1.828484385326934,3.0,2024-09-27,#240 2024 VA Championship
976,allison kunz,1.8381714687194277,1.0,2026-01-01,Unknown Latest Event
977,chelsea jacobs,1.8386561812571425,3.0,2024-05-04,#195 2024 DC Championship
978,jennifer benn,1.8387426054843798,6.0,2025-02-08,Speed Puzzling # 292
979,kathy johnson,1.8412355183683953,2.0,2026-01-01,Unknown Latest Event
980,denise leonard,1.8452227183821088,1.0,2024-03-22,Jigsaw Nationals 2024 Prelim A
981,selina gross,1.8483864808096238,1.0,2026-01-01,Unknown Latest Event
982,megan mcdonough,1.8528213462503866,2.0,2025-02-08,Speed Puzzling # 292
983,brande droste,1.855062904667802,1.0,2024-04-20,#190 2024 CO Championship
984,kendelle leckie,1.8588259611409677,1.0,2024-09-14,#239 Sanctioned Virtual
985,krystal chavez,1.860534345464017,1.0,2026-01-01,Unknown Latest Event
986,jennifer newberg,1.870751288082339,2.0,2025-01-26,Saint Paul Winter Carnival Solo
987,eric shook,1.8775718823179666,1.0,2024-06-21,#209 2024 OH Championship
988,gloria johnston,1.8819222477073065,10.0,2025-02-08,Speed Puzzling # 292
989,linda worman,1.8891164039699642,2.0,2024-06-21,#209 2024 OH Championship
990,hannah sitzman,1.9040911800352869,2.0,2024-10-18,#252 2024 IN Championship
991,avery parker,1.9053936755044003,1.0,2026-01-01,Unknown Latest Event
992,alison satinoff,1.9066273837134857,2.0,2025-01-10,FL2025 - Florida Speed Puzzling Championship
993,laura vu,1.9075839177958505,1.0,2026-01-01,Unknown Latest Event
994,vy nguyen,1.9076364807922201,1.0,2026-01-01,Unknown Latest Event
995,kandace gordon,1.908129565157563,2.0,2026-01-01,Unknown Latest Event
996,valentina taborda,1.90936265093312,2.0,2026-01-01,Unknown Latest Event
997,andrew moy,1.9214141608223656,1.0,2024-08-10,#223 2024 NE Regional Championship
998,eric schmidt,1.9304945579530266,1.0,2026-01-01,Unknown Latest Event
999,jaidah dance,1.9328651504413377,1.0,2026-01-01,Unknown Latest Event
1000,renee messalle,1.9343924683730511,1.0,2024-06-01,#205 Sanctioned Virtual
1001,jenni won,1.9438225866662249,2.0,2024-08-03,#220 2024 MA Championship
1002,jackie searfino,1.9505978582435517,1.0,2026-01-01,Unknown Latest Event
1003,chris courtney,1.9571854802933166,1.0,2026-01-01,Unknown Latest Event
1004,jessica wynn,1.9595997734566737,1.0,2024-09-27,#241 2024 FL Championship
1005,caroline meyer,1.9631473614754145,1.0,2025-02-01,TX2025 - Texas Speed Puzzling Championship
1006,dave harris,1.9668918999006175,10.0,2025-02-08,Speed Puzzling # 292
1007,matt johnson,1.9670841256311065,1.0,2024-03-22,Jigsaw Nationals 2024 Prelim C
1008,dana humberson,1.9676250614459716,2.0,2024-08-30,#232 2024 PA Championship
1009,jenn scoggins,1.9850459868986967,1.0,2026-01-01,Unknown Latest Event
1010,heidi haynes,1.9926402465394668,3.0,2024-11-02,#259 2024 AZ Championship
1011,justin wardyn,1.9942289230776054,1.0,2024-03-22,Jigsaw Nationals 2024 Prelim B
1012,kim hirshfield,2.011513067269111,2.0,2024-10-04,#245 2024 NJ Championship
1013,rachelle martineau,2.015903604452048,5.0,2025-02-08,Speed Puzzling # 292
1014,tabare gowon,2.018347526552483,1.0,2026-01-01,Unknown Latest Event
1015,bea ertas,2.0268790527733165,2.0,2024-05-11,#200 Sanctioned Virtual
1016,cindy hernandez,2.033136398664269,1.0,2024-03-09,#184 Sanctioned Virtual
1017,katrina pieplow,2.038328117981451,1.0,2026-01-01,Unknown Latest Event
1018,kevin stone,2.0559154720345236,2.0,2024-09-19,WJPC 2024 First Round F
1019,natalie young,2.0643474306502956,1.0,2024-10-18,#252 2024 IN Championship
1020,robert shields,2.0671723838019433,1.0,2026-01-01,Unknown Latest Event
1021,loretta nowak,2.0826029760396527,1.0,2026-01-01,Unknown Latest Event
1022,julie headlee,2.0833254886153556,3.0,2026-01-01,Unknown Latest Event
1023,jean doroff,2.091239622949496,1.0,2025-01-26,Saint Paul Winter Carnival Solo
1024,julie harmuth,2.094383484563451,2.0,2024-11-16,#265 2024 CA Championship
1025,bethany chan,2.1085410493231924,2.0,2025-01-26,Saint Paul Winter Carnival Solo
1026,karen kee,2.1136968381105294,2.0,2025-01-10,IL2025 - Illinois Speed Puzzling Championship
1027,gretchen jacobs,2.1169141757628447,3.0,2024-05-04,#195 2024 DC Championship
1028,viola tran,2.117104083893778,1.0,2026-01-01,Unknown Latest Event
1029,ed siegel,2.1249999999999996,1.0,2026-01-01,Unknown Latest Event
1030,chris hansen,2.127550682572987,3.0,2024-10-19,#256 Sanctioned Virtual
1031,jennifer ferris,2.142930364926393,2.0,2025-01-10,FL2025 - Florida Speed Puzzling Championship
1032,kim truong,2.150113776854025,1.0,2025-02-01,TX2025 - Texas Speed Puzzling Championship
1033,ritika kanade,2.150672694738052,3.0,2024-07-13,#215 2024 NW Regional Championship
1034,terri chen,2.1656506155861877,1.0,2024-03-22,Jigsaw Nationals 2024 Prelim A
1035,christie dizzia,2.190358188781257,1.0,2025-01-10,FL2025 - Florida Speed Puzzling Championship
1036,susan sullivan,2.207808887747239,1.0,2024-03-09,#184 Sanctioned Virtual
1037,lisa furbush,2.2081123221489616,2.0,2026-01-01,Unknown Latest Event
1038,susan hann,2.2186485701242504,3.0,2025-01-10,FL2025 - Florida Speed Puzzling Championship
1039,hannah day,2.230042076973069,2.0,2026-01-01,Unknown Latest Event
1040,yolanda ortaswope,2.2495104996911413,2.0,2025-02-01,TX2025 - Texas Speed Puzzling Championship
1041,phyllis peterson,2.2508328081390117,1.0,2024-11-02,#259 2024 AZ Championship
1042,dawn pavelski,2.2676879661358598,1.0,2025-01-26,Saint Paul Winter Carnival Solo
1043,steven clancy,2.2829225975093315,1.0,2024-08-03,#220 2024 MA Championship
1044,liz chappuis,2.298612787182935,1.0,2024-08-03,#220 2024 MA Championship
1045,erika jodice,2.3033710057867953,2.0,2024-06-21,#209 2024 OH Championship
1046,sruti sreerama,2.3065291861369053,1.0,2026-01-01,Unknown Latest Event
1047,connie buckwalter,2.315237307031487,3.0,2025-01-10,PA2025 - Pennsylvania Speed Puzzling Championship
1048,andrew kunka,2.3431967391187714,3.0,2024-06-21,#209 2024 OH Championship
1049,nathan haskins,2.3531592007968314,2.0,2024-09-18,WJPC 2024 First Round B
1050,sarah sands,2.3561150019732464,1.0,2024-03-22,Jigsaw Nationals 2024 Prelim A
1051,caroline feldner,2.3688880498395317,1.0,2024-09-27,#241 2024 FL Championship
1052,lissa dollar,2.388934455601653,1.0,2026-01-01,Unknown Latest Event
1053,ashley mixson,2.4257957833815627,1.0,2024-09-14,#239 Sanctioned Virtual
1054,dana mercury,2.4346696964778447,1.0,2026-01-01,Unknown Latest Event
1055,kari schumacher,2.4442540340375953,1.0,2024-03-22,Jigsaw Nationals 2024 Prelim B
1056,mindy johnston,2.4602263408233553,1.0,2025-02-01,TX2025 - Texas Speed Puzzling Championship
1057,gamaliel james,2.4661831263647054,2.0,2024-03-22,Jigsaw Nationals 2024 Prelim C
1058,melissa stupka,2.475324112751013,1.0,2026-01-01,Unknown Latest Event
1059,mary wheeler,2.481889103679538,1.0,2026-01-01,Unknown Latest Event
1060,olivia medina,2.5070730433147475,2.0,2024-03-22,Jigsaw Nationals 2024 Prelim C
1061,stephanie joe,2.511202754510399,1.0,2026-01-01,Unknown Latest Event
1062,brian casimiro,2.5117213663764235,1.0,2026-01-01,Unknown Latest Event
1063,vivian wong,2.521128457097397,1.0,2026-01-01,Unknown Latest Event
1064,kimber appleton,2.5630291587283955,1.0,2026-01-01,Unknown Latest Event
1065,susan miller,2.6721984473537326,1.0,2026-01-01,Unknown Latest Event
1066,dana keegan,2.6775480165818144,3.0,2024-09-19,WJPC 2024 First Round E
1067,abbey trotta,2.702735167990006,1.0,2026-01-01,Unknown Latest Event
1068,jeannie trapnell,2.704298482437835,2.0,2026-01-01,Unknown Latest Event
1069,karla matute,2.7417466027156516,2.0,2026-01-01,Unknown Latest Event
1070,jay komis,2.764754240738176,2.0,2024-09-18,WJPC 2024 First Round C
1071,jeff soesbe,2.779123297508359,2.0,2026-01-01,Unknown Latest Event
1072,luisa walker,2.8067078552515445,1.0,2024-06-01,#205 Sanctioned Virtual
1073,robert magsipoc,2.8103527148787877,1.0,2026-01-01,Unknown Latest Event
1074,michal jankowski,2.845717827052026,1.0,2026-01-01,Unknown Latest Event
1075,reagan wolfe,2.8602937203840417,1.0,2026-01-01,Unknown Latest Event
1076,sonia weaver,2.886178731428241,1.0,2026-01-01,Unknown Latest Event
1077,michelle striegel,2.9075852540470843,2.0,2024-10-19,#256 Sanctioned Virtual
1078,heather heim,3.0110379633339215,1.0,2025-01-26,Saint Paul Winter Carnival Solo
1079,bill iverson,3.016383260677498,2.0,2024-05-04,#195 2024 DC Championship
1080,ellen francis,3.1390933746609835,1.0,2024-10-18,#251 2024 MI Championship
1081,kristen soehnlein,3.145863189905275,1.0,2025-02-01,TX2025 - Texas Speed Puzzling Championship
1082,donna sutton,3.1864639013470772,1.0,2024-03-22,Jigsaw Nationals 2024 Prelim A
1083,gregory wiseburn,3.2019799283600445,4.0,2024-10-04,#245 2024 NJ Championship
1084,lisha rivera,3.295041694481293,1.0,2026-01-01,Unknown Latest Event
1085,todd brown,3.380034138344797,1.0,2024-03-22,Jigsaw Nationals 2024 Prelim A
1086,kaylyn anderson,3.5834016834024798,1.0,2026-01-01,Unknown Latest Event
1087,jill marie landrith,3.610466743088213,1.0,2024-03-22,Jigsaw Nationals 2024 Prelim B
1088,elizabeth faye,3.6756898044533024,1.0,2026-01-01,Unknown Latest Event
1089,patty baker,3.8782349147434694,1.0,2026-01-01,Unknown Latest Event
1090,jesse cochran,5.61938061938062,1.0,2024-09-18,WJPC 2024 First Round C
1091,eric oneill,,,2026-01-01,Unknown Latest Event
1092,lauren gremillion,,1.0,2026-01-01,Unknown Latest Event
1093,kate crocker,,1.0,2026-01-01,Unknown Latest Event
1094,lauren thomas,,1.0,2026-01-01,Unknown Latest Event
1095,susan marchesseault,,1.0,2026-01-01,Unknown Latest Event
1096,jennifer knight,,1.0,2026-01-01,Unknown Latest Event
1097,colleen morris,,1.0,2026-01-01,Unknown Latest Event
1098,gretchen steen,,1.0,2026-01-01,Unknown Latest Event
1099,sean mcginty,,1.0,2026-01-01,Unknown Latest Event
1100,summer behel,,1.0,2026-01-01,Unknown Latest Event
1101,tracy rogers,,1.0,2026-01-01,Unknown Latest Event
1102,sheri mason,,1.0,2026-01-01,Unknown Latest Event
1103,jennifer simpson,,1.0,2026-01-01,Unknown Latest Event
1104,elizabeth gray,,1.0,2026-01-01,Unknown Latest Event
